region,subregion,geo_type,transportation_type,1/13/20,1/14/20,1/15/20,1/16/20,1/17/20,1/18/20,1/19/20,1/20/20,1/21/20,1/22/20,1/23/20,1/24/20,1/25/20,1/26/20,1/27/20,1/28/20,1/29/20,1/30/20,1/31/20,2/1/20,2/2/20,2/3/20,2/4/20,2/5/20,2/6/20,2/7/20,2/8/20,2/9/20,2/10/20,2/11/20,2/12/20,2/13/20,2/14/20,2/15/20,2/16/20,2/17/20,2/18/20,2/19/20,2/20/20,2/21/20,2/22/20,2/23/20,2/24/20,2/25/20,2/26/20,2/27/20,2/28/20,2/29/20,3/1/20,3/2/20,3/3/20,3/4/20,3/5/20,3/6/20,3/7/20,3/8/20,3/9/20,3/10/20,3/11/20,3/12/20,3/13/20,3/14/20,3/15/20,3/16/20,3/17/20,3/18/20,3/19/20,3/20/20,3/21/20,3/22/20,3/23/20,3/24/20,3/25/20,3/26/20,3/27/20,3/28/20,3/29/20,3/30/20,3/31/20,4/1/20,4/2/20,4/3/20,4/4/20,4/5/20,4/6/20,4/7/20,4/8/20,4/9/20,4/10/20,4/11/20,4/12/20,4/13/20,4/14/20,4/15/20,4/16/20,4/17/20
Albania,,country/region,driving,100,95.3,101.43,97.2,103.55,112.67,104.83,94.39,94.07,93.51,92.94,102.13,102.38,101.41,94.62,89.12,90.17,90.21,97.71,102.5,108.92,92.82,91.48,93.99,96.72,102.46,103.29,107.83,87.99,94.18,94.62,99.7,139.3,123.9,129.41,102.24,88.09,88.17,94.48,100.62,111.02,113.5,86.95,83.01,85.44,82.73,89.7,95.48,100.43,89.25,91.02,89.72,94.87,102.82,109.92,110.07,79.68,68.24,51.77,43.79,24.99,24.61,30.93,24.69,24.95,24.65,24.5,26.31,20.39,19.29,22.62,21.61,21.98,23.07,23.94,19.49,21.78,23.66,25.11,25.02,25.2,24.11,20.54,22.54,26.4,26.03,26.43,26.7,26.32,25.47,24.89,32.64,31.43,30.67,30,29.26
Albania,,country/region,walking,100,100.68,98.93,98.46,100.85,100.13,82.13,95.65,97.78,95.39,94.24,93.73,97.06,77.27,83.37,82.73,84.39,88.19,90.79,88.7,79.32,87.12,88.06,99.4,85.84,94.63,99.74,81.41,90.19,90.45,94.16,95.69,109.21,108.4,84.52,96.63,87.38,81.49,87.21,93.52,94.5,74.8,87.25,81.41,77.78,74.5,81.19,87.97,78.42,94.88,95.65,91.13,94.46,103.8,92.92,82.47,87.25,63.37,46.7,37.87,31.43,37.78,37.44,35.95,30.87,33.56,36.84,32.62,27.12,22.64,25.93,25.88,25.42,23.03,28.27,24.69,20.26,22.9,25.93,23.5,26.65,27.76,24.9,23.92,31.13,25.8,29.81,28.96,27.29,27.63,29.59,35.52,38.08,35.48,39.15,34.58
Argentina,,country/region,driving,100,97.07,102.45,111.21,118.45,124.01,95.44,95.13,95.42,97.66,99.42,113.34,118.23,91.31,93.37,91.12,92.35,96.74,111.24,123.96,89.01,91.66,89.18,94.49,95.98,111.12,121.53,89.23,96.42,96.97,101.68,104.9,122.91,127.62,88.2,92.28,98.15,98.96,104.71,132.57,141.76,108.21,107.92,99.51,96.38,97.96,116.77,117.72,81.13,86.76,88.9,92.74,97.45,118.32,122.78,80.36,89.28,89.29,82.73,86.67,98.75,84.77,47.7,53.57,45.44,43.21,43.9,16.77,12.54,8.74,10.08,10.76,14.86,14.58,15.45,13.34,9.92,14.59,12.65,15.79,16.48,17.15,15.13,11.53,17.24,18.55,19.95,19.8,16.8,19.4,12.89,21.1,22.29,23.55,24.4,27.17
Argentina,,country/region,walking,100,95.11,101.37,112.67,116.72,114.14,84.54,101.37,106.12,104.91,102.56,104.88,98.83,73.64,94.27,93.86,92.2,96,98.99,97.42,67.21,95.18,96.25,100.39,99.1,105,106.45,73.12,104.2,105.87,111.47,113.2,128.75,103.47,69.12,93.42,111.49,107.02,111.36,124.13,120.44,100.5,96.6,82.59,107.79,110.62,124.18,108.49,68.5,101.01,104.39,108.23,113.92,126.7,112.81,70.94,109.38,109.62,83.06,106.85,104.31,70.31,43.64,51.55,35.57,31.96,29.97,11.75,9.11,6.96,8.36,8.05,10.92,10.53,11.3,10.73,7.77,11.37,9.79,11.78,11.23,12.44,10.97,9.12,11.85,13.49,15.51,14.65,13.58,15.75,10.45,16.35,16.66,17.42,18.18,18.8
Australia,,country/region,driving,100,102.98,104.21,108.63,109.08,89,99.35,103.53,106.8,107.4,115.65,109.66,88.59,85.18,95.91,99.4,99.92,103.04,103.73,85.73,93.39,95.83,98.63,102.4,107.46,106.55,86.33,98.78,100.08,103.28,106.19,116.62,115.36,93.51,98.27,101.79,105.38,107.29,113.37,118.25,97.6,97.5,102.7,104.46,106.23,113.6,117.64,98.24,97.35,99.14,101.63,106.02,113.97,113.49,93.23,91.21,96.44,99.94,100.79,102.79,98.75,78.16,81.59,80.52,78.87,79.24,83.55,78.17,60.74,66.41,62.49,60.19,57.96,59.9,48.25,36.69,51.18,51.92,52.04,51.54,54.23,41.58,33.34,51.75,53.17,55.01,59.24,33.19,36,26.95,31.72,53.14,55.91,56.56,58.77,47.51
Australia,,country/region,transit,100,101.78,100.64,99.58,98.34,86.97,99.87,107.29,109.13,107.03,106.64,100.19,90.61,81.83,101.78,104.81,103.03,101.91,97.77,87.49,98.72,99.03,102.4,100.27,100.82,102.46,84.1,100.46,105.77,105.48,106.71,113.2,111.33,98.78,109.3,111.03,115.59,114.53,116.25,120.68,104.35,115.32,119.81,118.98,115.46,119.34,122.09,107.23,113.58,115.04,112.26,111.17,113.82,112.67,98.27,97.56,105.15,107.82,106.36,101.22,88.82,70.96,76.49,70.68,65.78,62.19,61.79,57.33,43.75,40.71,33.94,30.31,26.9,26.44,23.77,19.57,23.53,22.58,21.67,21.05,21.25,18.75,16.62,21.76,21.2,20.73,21.28,16.63,16.78,13.94,16.51,21.67,21.58,21.98,21.84,20.13
Australia,,country/region,walking,100,101.31,101.82,104.52,113.73,100.24,98.57,104.38,108.51,103.88,112.4,117.27,103.02,87.4,96.18,100.57,100.25,100.73,108.69,96.55,92.71,95.77,99.1,97.65,97.97,112.07,88.84,93.13,100.34,101.59,104.56,116.84,129.56,110.5,103.76,102.99,107.3,112.78,116.31,133.9,113.52,103.12,106,109.06,109.52,116.49,135.14,126.02,100.94,101.73,101.17,97.93,111.79,126.09,108.98,89.81,96.18,100.4,100.94,102.38,103.92,84.71,75.67,71.19,68.72,66.9,68.29,72.02,54.18,50.99,46.97,45.55,43.82,45.57,41.88,32.84,40.93,42.68,41.98,39.17,42.38,35.83,31.11,42.02,42.71,43.05,47.21,34.06,35.99,31.33,37.05,45.74,47.1,46.3,47.84,45.82
Austria,,country/region,driving,100,101.14,104.24,112.21,117.23,117.22,105.17,100.7,102.67,104.33,107.89,123.67,119.39,105.55,104.42,106.42,106.1,108.47,125.62,134.87,109.33,109.04,107.88,110.15,107.4,127.94,146.79,116.74,109.94,112.72,113.59,116.37,145.47,158.95,120.22,113.56,113.49,117.98,117.11,142.35,156.99,114.15,111.17,109,108.98,113.71,138.1,130.25,106.13,103.21,104.24,111.11,111.25,123.46,121.17,109.52,102.15,98.85,92.94,86.76,86.98,64.33,49.07,40.52,37.03,37.41,36.14,34.41,24.83,27.11,33.29,33.44,33.69,34.36,35.61,32.88,32.93,35.85,38.57,39.62,40.34,38.34,33.05,39.2,44.15,46.62,47.85,48.81,45.09,36.78,35.06,42.33,51.14,53.88,56.02,54.07
Austria,,country/region,walking,100,101.55,105.59,112.24,123.36,131.05,89.93,100.6,103.3,105.28,110.89,132.87,136.57,92.99,105.8,105.38,107.8,113.19,132.21,148.15,101.66,106.52,106.85,105.75,106.66,126.55,142.55,103.86,110.43,114.55,114.2,123.11,148.29,165.31,113.75,125.35,127.47,125.25,132.26,142.4,166.41,114.7,125.95,125.66,115.47,122.28,129.96,134.42,98.99,111.8,110.27,112.82,120.92,133.87,136.39,97.8,104.56,98.53,93.87,89.3,68.36,55.3,36.38,28.86,25.53,31.77,32.53,32.38,18.54,20.63,23.85,25.22,23.88,25.66,31.85,35.26,27.22,25.06,28.08,31.19,32.78,31.95,31.59,39.51,36.79,39.81,40.71,41.69,40.48,38.8,39.48,33.92,35.47,41.26,45.58,45.03
Belgium,,country/region,driving,100,101.19,107.49,107.67,117.38,119.32,102.68,103.67,107.83,110,108.65,116.76,120.76,104.16,105.12,106.85,111.21,112.96,127.96,122.89,104.88,106.02,109.17,111.05,111.1,123.19,129.25,97.76,109.52,111.55,115.6,118.19,131.29,135.91,110.6,115.29,120.26,121.9,123.29,133.24,123.59,105.29,116.44,116.56,118.01,117.4,125.62,119.54,103.95,107.71,108.25,115.66,118.33,127.52,129.93,107.09,108.15,105.81,105.97,87.63,81.16,63.44,56.86,60.42,56.34,44.1,38.45,36.98,32.06,32.36,36.3,38.73,38.62,39.03,40.38,35.25,29.76,37.08,39,40.52,39.51,41.05,38.02,38.44,43.29,46.58,48.56,49.18,51.57,47.49,37.88,37.2,46.52,49.42,51.74,50.94
Belgium,,country/region,transit,100,98.67,105.01,105.87,113.55,110.73,100.53,105.62,110.39,114.35,111.03,116.9,116.25,106.64,113.29,115.8,117.19,118.26,126.13,122.24,115.06,119.32,117.23,121.7,121.67,134.02,134.78,119.52,132.55,130.72,130.33,131.96,139.68,142.1,123.14,134.04,139.53,141.82,138.11,137.78,126.99,118.46,136.73,135.58,136.45,137.36,133.34,114.62,108.56,120.18,123.09,127.58,132.54,138.6,134.85,114.29,118.1,112.37,115.74,91.05,71.94,52.67,46.28,44.63,37.76,27.77,23,21.03,21.05,21.57,22.47,22.29,21.31,21.7,22.19,21.64,18.76,21.45,21.28,20.24,19.84,21.43,23.19,25.02,23.97,25.85,26.39,26.7,26.55,27.17,26.24,23.95,26.06,27.54,26.97,26.15
Belgium,,country/region,walking,100,101.46,110.44,118.86,139.1,174.99,111.72,105.08,113.37,119.64,118.63,141.59,174.68,119.37,115.72,119.7,127.83,132.95,160.33,178.82,118.45,118.08,117.56,131.86,137.37,166.1,195.81,107.52,125.29,136.11,141.76,144.84,195.2,235.37,135.03,146.08,156.85,160.02,163.25,168.21,189.77,125.25,145.88,155.27,147.4,144.5,159.23,169.08,113.57,112.05,129.9,137.21,136.47,162.68,209.67,115.49,118.11,116.42,119.12,108.4,91.05,68.37,59.68,55.93,55.2,49.46,41.63,35.99,47.51,53.95,44.24,46.66,48.17,48.13,51.28,56.67,34.5,39.4,45.78,47.55,41.01,46.98,62.98,71.96,53.38,64.11,66.82,66.84,73.06,87.01,73.26,51.46,53.49,65.45,70.6,68.34
Brazil,,country/region,driving,100,99.71,100.9,101.88,113.69,114.38,91.06,97.54,98.14,97.91,98.51,109.53,111.8,88.93,92.86,95.19,94.85,96.31,109.54,109.56,83.8,92.5,92.97,93.75,96.35,114.55,117.52,86.93,99.25,95.71,98.43,98.92,115.44,123.46,92.31,95.54,99.59,102.06,109.38,141.63,140.3,103.13,102.5,99.46,92.81,91.16,101.9,107.46,77.97,88.51,90.22,92.18,95.49,110.82,118.71,82.64,90.32,92.92,92.58,89.66,103.57,106.68,71.69,70.59,64.88,58.47,52.15,51.7,39.66,27.58,34.89,34.84,35.26,37.57,42.94,41.63,30.76,40.12,41.85,44.28,45.51,50.52,50.88,35.1,45.53,48.59,51.93,58.89,44.88,58.22,36.49,46.79,47.91,49.89,50.47,56.91
Brazil,,country/region,transit,100,102.45,104.28,100.2,97.06,81.01,69.05,100.37,109.18,106.12,102.51,99.99,81.78,70.41,105.37,110.46,108.95,103.38,105.23,84.27,71.2,111.64,113.05,111.42,111.11,116.13,95.44,74.79,120.83,116.59,118.28,113.61,117.96,109.7,92.39,119.12,123.99,121.93,114.4,113.62,96.45,79.83,81.57,78.26,84.99,100.15,104.61,89.78,70.02,111.78,114.5,112.99,113.33,112,93.39,68.94,112.46,117.22,113.69,105.24,99.22,75.46,54.78,71.52,57.15,45.94,36.65,29.95,19.51,17.04,20.74,18.78,19.11,20.33,21.26,18.17,16.61,22.27,22.91,23.23,21.81,21.89,19.08,17.13,24.12,23.47,23.39,23.16,18.19,19.19,15.71,24.36,23.03,23.5,23.4,22.2
Brazil,,country/region,walking,100,106.3,104.75,99.05,104.13,101.18,69.84,97.33,105.36,102.28,95.88,104.74,101.07,69.38,98.41,102.94,101.02,100.51,110.22,95.63,65.06,97.15,104.11,103.31,104.21,120.32,114.78,70.93,101.06,106.71,110.43,113.33,126.08,135.5,97.46,109.05,115.3,116.07,121.05,137.47,171.31,153.25,137.77,114.5,82.66,99.98,109.09,106.38,67.92,100.58,107.55,109.92,112.18,122.93,117.49,70.22,106.53,110.43,111.88,105.51,110.67,99.18,58.05,76.8,65.54,54.89,45.14,40.48,29.89,20.98,27.37,27.11,27.96,28.91,32.21,31.1,22.26,31.21,33.58,35.29,35.66,38.21,36.27,25.8,36.09,38.32,40.39,45.27,32.17,42.94,25.18,37.69,37.98,39.29,39.36,42.1
Bulgaria,,country/region,driving,100,102.56,104.73,104.35,114.79,118.01,105.42,100.78,99.44,103.52,106.11,118.01,123.61,112.36,102.6,102.95,107.2,105.02,118.7,122.25,113.09,102.09,104.35,111.79,97.18,111.27,113.83,110.75,102.03,102.69,108.41,108.77,134.88,129.46,123.85,104.85,107.76,114.6,120.04,126.35,132.23,119.83,101.6,103.94,106.47,103.06,121.15,113.93,101.15,101.83,111.62,98.99,100.55,112.56,113.53,96.33,90.09,85.71,82.45,74.9,74.46,56.39,45.54,45.27,44.11,41.94,39.19,41.18,29.8,25.56,28.09,28.26,28.64,30.36,30.65,26.64,26.03,31.88,32.46,30.42,31.36,33.57,28.45,27.96,35.76,37.22,36.73,39.01,40.24,36.59,32.36,40.59,40.55,41.32,43.73,33.27
Bulgaria,,country/region,walking,100,101.9,99.61,100.06,117.97,128.66,99.64,105.3,98.6,104.38,109.35,135.78,144.71,112.89,108.51,110.44,114.54,113.45,132.49,149.6,110.72,113.09,113.9,97.24,100.2,118.28,127.6,104.3,110.33,105.3,112.73,125.87,158.5,150.96,126.15,124.09,124.06,126.79,120.35,141.22,150.27,116.38,112.7,116.58,129,112.06,117.39,130.03,100.06,109.52,109.41,107.28,106.61,130.98,130.53,92.8,89.7,89.06,90.51,93.22,89.76,52.27,30.53,41.08,33.04,33.02,31.87,35.5,27.04,19.15,23.95,23.97,25.17,24.09,25.34,25.2,22.63,30.34,26.9,23.67,29.5,31.4,23.97,20.88,33.13,38.77,37.96,37.29,40.69,35.5,31.65,43.87,37.87,38.12,41.56,37.06
Cambodia,,country/region,driving,100,100.75,99.33,96,98.78,103.64,99.16,97.65,96.87,95.13,81.87,86.56,94.24,93.33,90.41,92.44,91.72,89.73,96.11,103.22,91.61,88.75,91.67,90.77,91.23,100.48,103.82,91.43,90.71,91.53,92.78,98.96,107.46,97.93,89.71,89.75,89.44,88.2,91.65,98.62,97.68,88.91,85.88,85.51,85.04,74.09,76.42,78.2,71.41,70.89,71.91,69.82,69.35,72.68,72.28,67.53,63.06,63.34,56.33,48.49,49.14,45.88,42.68,39.81,34.71,33.31,33.16,33.23,32.71,31.25,30.71,27.84,29.27,28.76,28.59,28.92,29.03,29.47,29.56,29.22,28.82,29.71,29.66,30.57,30.83,28.91,29.96,26.31,27.3,26.96,24.13,24.08,25.14,25.29,28.68,30.84
Cambodia,,country/region,walking,100,98.06,99.7,98,106.81,106.84,106.98,102.84,100.7,103.34,100.77,102.84,111.88,105.81,104.47,97.56,101.44,93.49,102.2,109.25,96.36,98.63,94.46,95.93,91.56,98.6,106.78,88.38,91.62,94.23,92.06,91.79,95.33,99.77,91.39,94.39,92.79,96.33,95.99,95.73,96.73,92.79,87.32,87.78,89.02,81.51,88.15,95.36,84.35,86.82,83.31,85.81,83.74,86.25,92.46,79.77,83.51,79.11,75.87,73.87,75.4,74.57,67.12,69.86,60.98,62.35,59.25,60.71,66.15,62.12,56.11,53.47,55.54,54.67,55.44,50.2,56.07,53.97,55.57,56.94,53.6,55.87,54.11,55.17,58.01,50.03,55.31,52.3,58.85,46.3,47.6,43.52,45.49,43.09,44.69,57.64
Canada,,country/region,driving,100,102.91,99.74,105.17,122.34,102.5,84.46,102.63,104.31,107.37,110.29,127.88,116.84,88.06,98.11,102.75,104.73,109,129.2,119.47,88.42,97.41,100.25,103.6,105.72,120.32,118.1,92.45,104.41,107.15,108.19,115.97,140.55,125.71,103.84,95.14,111.82,113.99,119.01,136.41,128.05,98.89,102.34,107.2,104.04,105.22,131.32,125.25,96.88,105.19,110.89,112.29,117.74,128.31,119.48,95.1,102.06,103.97,103.94,100.22,101.24,87.16,68.17,74.1,67.21,63.91,62.16,63.93,53.45,41.73,49.42,48.66,47.57,46.94,52.63,43.08,36.69,45.01,47.15,48.1,47.17,51.71,44.5,36.1,47.06,48.1,50.81,56.31,45.48,47.79,35.19,44.73,52.28,54.67,56.14,61.27
Canada,,country/region,transit,100,100.03,98.01,101.01,105.42,89.65,75.87,98.64,99,100.79,101.45,108.86,91.47,75.15,93.28,95.88,94.14,97.63,104.6,93.75,75.71,93.13,94.86,94.09,96.3,103.76,95.66,78.4,95.79,96.84,96.69,102.9,108.95,92.72,79.97,80.63,97.64,98.13,100.38,110.64,96.4,78.72,93.45,94.4,91.96,94.2,105.38,99.36,79.62,95.54,98.09,100.52,103.64,103.96,94.06,78.53,92.55,91.11,89.78,83.35,76.4,63.75,51.19,50,40.26,35.59,31.53,30.3,26.48,22.26,23.58,21.68,20.81,19.64,20.16,18.09,17.25,19.58,20.05,19.54,18.77,18.88,17.33,16.32,18.84,17.9,18.1,17.74,16.45,16.78,14.93,18.09,18.73,18.73,18.31,18.64
Canada,,country/region,walking,100,106.29,106.65,108.64,127.43,122.55,90.42,104.92,108.92,112.57,118.17,139.85,136.71,93.37,105.36,111.79,110.13,115.16,138.49,140.12,91.16,102.67,105.91,107.29,108.17,128.56,139.77,93.6,106.26,111.39,112.79,120.1,152.97,152.65,125.23,99.59,114.61,119.86,127.3,152.97,155.76,103.86,109.77,111.42,106.92,107.07,135.19,146.34,102.32,109.77,117.97,123.88,131.76,142.64,147,108.48,113.56,108.1,110.67,106.32,104.32,103,73.82,75.7,65.68,62.44,60.16,59.11,53.11,43.54,45.64,48.44,49.21,46.46,53.57,43.07,38.38,42.36,47.84,49,47.09,48.68,48.35,39.89,51.48,50.34,53.06,52.77,45.36,48.43,40.6,41.76,50.75,50.9,53.45,56.42
Chile,,country/region,driving,100,99.01,102.57,106.47,124.69,120.83,97.12,102.53,101.57,102.41,107.31,124.15,118.81,99.66,107.13,102.57,101.5,106.61,131.48,129.34,102.43,112.31,109.69,113.49,117.69,139.24,135.2,111.81,122.24,115.22,116.03,123.72,147.07,133.92,109.45,121.37,114.62,116.11,118.84,136.88,128.4,101.01,107.67,106.95,105.08,111.11,131.65,123.39,84.09,95.14,94.83,95.54,95.79,114.72,111.25,68.99,88.41,95.9,93.92,91.16,109.18,100.69,58.2,60.99,51.77,45.09,39.39,39.39,28.94,19.38,30.37,32.12,31.74,37.77,28.19,23.85,18.98,27.89,29.93,30.84,31.75,32.62,28.03,22.3,32,34.63,35.2,36.45,25.1,26.52,20.39,36.29,36.02,37.14,36.81,42.7
Chile,,country/region,walking,100,102.58,103.13,103.74,107.87,86.73,59.44,99.53,98.22,101.48,104.03,105.78,83.2,59.55,100.85,97.6,96.02,101.29,107.44,86.87,60.33,98.79,103.85,106.43,105.25,112.31,93.48,65.7,102.72,104.7,105.16,112.07,120.99,93.08,68.1,106.39,103.2,103.6,106.98,111.69,93.75,65.96,100.87,106.68,105.07,113.44,126.14,94.7,60.64,102.1,107.23,108.74,107.85,119.14,90.39,65.37,103.23,116.27,111.48,108.83,110.85,84.49,45.26,62.42,47.54,37.5,30.19,28.53,18.83,13.13,22.91,23.13,22.76,26.48,18.08,15.84,12.76,19.39,20.33,20.93,21.23,24.07,18.6,14.9,23.62,24.91,23.62,24.52,17.93,18.14,13.69,26.48,26.11,24.78,24.85,29.64
Colombia,,country/region,driving,100,97.85,99.65,97.22,109.1,120.38,103.25,95.63,93.95,95.37,94.74,106.37,122.27,102.01,89.35,92.76,90.77,91.45,102.23,119.07,102.2,86.88,90.98,91.48,88.49,107.74,127.12,103.77,91.24,92.7,92.51,91.93,106.82,120.98,101.06,90.13,89.95,91.59,95.07,110.22,128.49,105.41,93.35,89.57,88.31,84.99,96.85,118.23,89.41,78.46,82.12,82.23,86.08,95.23,118.34,90.98,79.1,81.32,72.66,70.32,80.28,94.28,67,54,49.2,43.51,43.84,36.06,23.77,22,25.08,27.77,22.96,23.88,23.79,25.59,25.2,25.41,25.57,25.85,26.78,26.23,27.33,26.83,27.13,28.16,29.1,29.16,26.4,29.38,26.31,27.52,29.65,29.82,28.96,29.71
Colombia,,country/region,walking,100,103.15,104.44,102.96,112.65,116.71,101,97.52,102.29,100.24,98.95,113.08,117.66,98.95,91.84,96.66,87.78,100.43,105.35,116.13,97.66,93.94,96.61,103.01,97.18,111.12,124.15,94.51,94.8,95.7,95.7,97.37,109.45,117.66,93.6,94.03,95.51,95.66,96.85,107.59,127.88,105.82,100.57,92.51,95.56,92.46,102.34,114.18,89.88,83.44,87.83,91.74,95.42,99.47,121.48,94.89,83.34,91.36,82,80.53,90.69,101.43,71.69,61.72,54.08,44.63,48.16,41.81,30.26,26.73,32.27,32.22,29.79,29.69,29.26,31.93,32.36,31.17,31.26,33.22,31.93,31.26,33.46,34.84,31.6,35.94,34.75,36.42,37.85,37.47,33.32,33.7,39.05,36.95,32.7,38.71
Croatia,,country/region,driving,100,102.23,102.77,98.19,108.51,108.06,105.89,95.73,97.04,97.93,100.48,105.52,103.48,96.48,97.2,94.04,95.71,95.13,104.87,110.08,103.36,92.75,98.01,101.33,98.91,107.41,112.64,108.77,98.44,99.87,102.82,103.02,121.46,122.94,122.61,103.11,103.34,103.49,109.22,123.42,124,117.8,101.27,97.66,95.32,98.31,106.94,102.18,97.28,91.76,95.22,95.12,101.01,108.84,103.38,101.47,93.61,89.39,86.34,77.47,71.89,57.01,50.05,45.82,44.88,40.99,39.66,39.87,30.85,40.23,27.56,21.93,21.32,21.79,23.58,20.51,21.47,24.45,26.41,25.98,27.97,26.77,26.2,26.18,30.47,31.83,32.21,35.53,32.9,26.15,22.45,29.5,30.65,34.61,37.79,38.04
Croatia,,country/region,walking,100,103.28,105.83,104.89,117.78,101.14,88.79,96.69,101.8,105.26,104.07,109.04,108,75.8,97.98,95.63,100.15,99.48,119.06,112.15,91.06,104.57,92.12,92.79,103.16,115.26,115.14,88.79,101.8,106.96,107.73,106.49,127.78,140.59,116,109.78,105.26,115.23,119.68,140.79,143.65,115.43,115.11,118.62,95.78,110.22,114.86,113.85,75.8,109.06,105.85,109.6,119.11,127.88,122.35,90.17,102.57,97.48,105.73,87.88,75.7,60.49,50.81,47.23,49.83,43.23,40.69,41.04,24.67,20.4,20.86,18.05,17.06,19.31,22.15,21.21,20.79,24.35,26.22,27.31,31.43,31.65,33.63,33.36,32.17,35.68,36.74,38.59,40.64,33.41,29.04,37.58,28.99,38.64,45.04,47.93
Czechia,,country/region,driving,100,101.17,106.68,109.34,123.54,112.54,105.38,99.26,101.99,107.94,108.64,119.07,111.51,102.61,101.47,105.2,107.57,109.63,117.92,113.7,109.45,108.48,109.26,109.62,111.94,128.92,125.16,115.82,106.97,114.42,118.95,122.99,142.36,135.66,120.36,115.34,116.58,119.7,120.49,137.04,130.49,116.86,114.4,116.85,115.37,118,125.78,117.44,112.31,107.43,107.64,117.5,114.66,129.65,114.79,111.5,106.7,99.23,100.34,92.35,84.13,62.63,63.56,48.85,46.98,48.38,47.62,45.95,32.7,37.56,45.6,48.07,49.53,49.05,54.62,51.82,44.6,50.82,51.43,55.58,57.43,54.6,48.59,60.85,62.78,68.46,72.04,74.78,66.1,67.07,65.41,54.2,67.89,75.47,82.81,82.59
Czechia,,country/region,transit,100,98.02,101.88,103.3,107.22,101.48,92.46,97.34,100.71,107.19,110.59,108.15,98.9,95,98.53,102.76,106.37,105.84,111.99,107.65,105.53,113.82,108.92,112.78,112.95,124.36,116.18,104.74,112.94,119.33,125.96,126.84,138.83,129.78,120.25,132.3,130.94,132.73,132.5,127.66,129.48,115.25,130.3,134.87,133.55,133.47,125.72,116.89,112.91,116.96,121.02,127.75,123.83,127.78,113.1,107.2,108.91,99.73,96.06,76,55.28,36.99,30.44,20.11,17.32,15.85,17.13,16.06,14.69,15.1,15.86,17.38,17.9,16.83,17.97,17.74,16.13,18.04,17.23,18.65,19.31,17.43,17.76,22.11,21.14,23.39,24.89,27.48,26.01,26.47,25.43,21.2,24.47,27.28,28.19,27.52
Czechia,,country/region,walking,100,99.92,103.24,107.32,136.65,139.38,99.77,98.55,98.78,107.31,110.07,132.94,141.48,103.78,107.72,106.75,108.07,111.73,144.4,158.48,112.81,118.53,110.04,113.82,118.77,155.45,166.52,123.72,110.92,118.46,125.25,137.26,185.6,195.4,140.22,142.74,142.46,137.55,141.99,162.88,183.22,125.01,138.05,141.77,134.97,134.91,155.47,158.14,123.3,121.16,109.33,122.69,125.02,149.8,147.64,119.83,107.93,98.78,95.15,91.76,69.24,47.48,38.08,25.5,24.76,27.42,26.05,24.97,16.13,17.5,22.13,23.98,23.88,23.19,30.46,34.24,21.29,24.69,22.79,28.7,29.93,27.1,29.85,39.6,35.9,40.01,41.79,42.94,42.24,45.52,46.37,24.99,31.2,39.91,45.89,46.11
Denmark,,country/region,driving,100,103.67,105.55,104.16,110.4,105.47,103.52,102.37,104.12,107.02,107.19,112.43,106.45,99.5,100.78,103.15,106.05,107.95,121.58,114.3,110.32,105.32,107.72,108.5,107.35,114.06,105.43,93.99,103.42,107.14,108.02,110.03,113.19,104.27,98.93,102.21,107.19,110.27,112.79,118.37,109.78,103.25,103.9,110.44,110.13,112.25,124.22,116.13,107.98,103.48,108.13,109.36,110.75,118.81,113.75,104.49,101.64,100.99,90.37,67.62,66.97,62.05,56.49,62.62,58.82,55.46,59.78,60.23,56.59,55.81,59.21,60.48,62.93,64.33,66.46,62.57,59.38,64.61,70.8,69.53,69.08,72.34,67.84,75.49,84.67,86.89,89.81,74.33,74.66,71.32,71.54,73.58,77.88,80.32,82.37,85.22
Denmark,,country/region,transit,100,98.09,98.22,99.55,111.53,108.82,102.06,96.41,99.1,99.58,103.12,114.83,111.8,98.21,100.76,105.78,108.27,111.65,127.94,120.71,115.79,103.61,102.2,107.19,102.62,115.24,112.3,101.45,103.7,107.76,103.61,105.5,114.41,112.56,107.51,105.58,111.99,114.15,122.5,130.37,124.55,106.04,102.94,104.58,106.09,104.81,120.99,120.91,105.83,98.93,102.88,101.65,103.03,115.12,109.95,97.29,93.95,91.14,77.56,48.7,45.07,39.65,33.91,32.69,28.17,25.76,29.16,27.97,27.14,27.42,26.07,26.51,26.33,27.01,27.21,28.69,27.39,27.76,29.02,28.55,29.55,28.34,31.71,33.54,34.78,35.29,35.24,33.76,34.54,32.59,34.4,35.26,34.36,37.09,37.28,40.06
Denmark,,country/region,walking,100,99.31,104.04,107.99,131.4,126.32,96.4,102.74,104.03,108.79,106.78,133.24,133.19,89.04,97.29,105.64,112.5,115.06,146.15,140.82,104.73,105.01,106.31,111.81,110.86,131.5,131.07,77.13,101.2,104.24,104.43,119.29,141.38,125.1,81.17,97.36,107.58,117.17,120.13,145.54,123.99,88.97,100.38,98.78,107.83,115.52,147.94,135.36,96.3,104.5,106.18,111.64,115.88,137.78,143.34,90.9,97.37,93.53,91.86,54.89,62.04,66.91,46.67,55.9,49.84,45.91,56.3,54.85,59.29,50.87,52.11,53.17,56.91,58.8,63.98,64.24,50.9,54.27,60.88,54.62,53.2,58.8,64.62,72.24,80.21,81.1,80.84,72.01,73.72,65.98,69.45,60.65,66.49,70.92,74.24,81.08
Egypt,,country/region,driving,100,98.78,104.14,113.6,92.9,100.18,99.76,99.72,103.72,108.55,130.19,113.81,108.49,118.84,120.56,122.58,127.68,138.14,132.62,124.99,123.04,121.73,123.38,128.78,131.39,122.99,117.6,105.82,105.39,107.62,114.49,128.91,119.09,116.49,109.34,108.79,108.41,116.21,123.01,111.49,113.4,105.67,175.25,102.74,117.01,130.7,112.34,116.23,105.29,106.31,109.89,112.82,128.34,111.12,112.35,109.76,102.95,104.93,114.97,38.82,47.42,77.96,90.15,85.45,76.94,73.12,63.33,48.41,47.74,46.39,41.07,39.55,35.56,35.27,21.1,27.21,40.29,38.92,38.14,40.96,41.25,26.56,31.7,40.11,43.37,43.17,41.86,46.3,32.6,39.02,51.6,52.27,52.19,54.85,57.67,38.57
Egypt,,country/region,walking,100,96.45,100.74,103.42,91.93,96.38,97.88,101.38,99.79,109.75,119.96,103.75,107.34,121.22,127.33,117.43,124.53,127.5,119.9,119.24,123.75,120.26,117.73,125.59,121.57,112,114.43,103.05,113.75,111.12,115.16,122.06,113.41,117.62,107.69,105.24,107.74,114.05,116.34,107.23,112.59,104.8,116.83,104.13,115.58,121.44,112.94,114.19,106.62,107.1,110.36,113.06,121.13,108.65,109.45,104.94,100.06,107.23,104.79,46.94,56.68,76.5,83.11,80.05,73.41,68.96,60.49,46.71,50.96,46.19,43.57,40.08,38.74,39.3,28.16,33.44,40.82,38.49,36.95,43.94,42.32,29.81,36.57,43.96,43.17,43.61,40.94,45.35,35.3,40.82,49.41,49.35,49.11,49.72,52.51,36.31
Estonia,,country/region,driving,100,106.93,106.41,115.22,132.85,128.75,107.61,101.66,107.16,104.49,109.24,135.75,138.89,108.16,98.57,98.34,104.21,107.67,127.29,135.4,113.7,102.21,104.19,105.88,118.7,152.49,146.04,118.64,105.78,110.9,115.29,125.22,158.9,156.51,132.21,121.16,120.55,126.22,134.37,150.88,141.36,122.6,121.06,127.19,123.42,123.3,133.53,129.93,103.6,100.78,101.86,109.48,116.67,144.04,146.29,125.54,106.44,105.48,103.96,86.54,87.46,81.09,71.3,60.41,63.05,55.28,64.73,71.37,64.32,67.7,62.64,61.09,62.33,61.88,63.68,71.24,56.55,52.04,56.81,59.1,60.72,61.06,71.44,71.46,72.4,80.76,80.47,77.54,81.8,75.42,56.71,71.93,68.59,70.41,70.06,82.2
Estonia,,country/region,transit,100,99.03,99.77,100.6,127.37,109.89,87.07,102.85,102.71,101.79,102.3,120.98,107.59,95.86,101.66,105.38,107.18,105.52,112.93,111.45,100.46,103.96,114.77,115.55,113.34,132.93,117.3,113.16,117.25,120.1,120.33,122.13,136.25,122.03,111.45,135.19,124.33,128.38,131.65,136.75,113.11,103.17,122.95,148.39,137.03,140.98,131.46,112.47,94.34,112.28,113.75,113.85,125.62,142.82,114.67,100.09,111.36,104.23,110.53,84.68,74.33,56.95,41.08,39.19,38.22,34.77,38.59,39.14,34.22,34.82,37.4,37.17,37.03,32.75,27.32,30.27,26.49,26.77,27.64,30.04,30.22,29.76,30.73,29.71,35.74,32.38,35.46,34.91,39.74,31.88,26.36,35.05,31.65,29.02,30.45,32.75
Estonia,,country/region,walking,100,103.31,104.45,110.69,155.25,171.56,112.09,112.74,115.92,108.77,118.56,175.98,219.43,121.61,108.12,108.84,128.6,135.55,161.36,192.75,114.59,108.64,119.53,120.6,127.69,196.82,220.8,123.63,119.17,130.58,134.71,150.6,229.51,219.01,154.76,171.89,167.24,171.89,189.11,194.57,169.81,164.25,146.77,175.53,154.53,175.07,188.3,185.28,109.68,117.16,115.63,108.64,137.73,186.29,214.04,143.26,121.16,120.7,110.63,95.06,100.32,82.78,64.93,48.13,56.22,44.75,62.43,71.92,57.43,67.11,54.79,56.87,53.1,57.36,61.33,64.54,46.86,39.42,42.93,46.77,45.17,44.85,59.18,67.08,68.22,71.63,70.69,62.95,65.19,66.62,36.01,52.03,50.7,48.52,44.39,70.95
Finland,,country/region,driving,100,102.42,105.41,104.46,117.78,120.16,112.58,100.97,103.11,103.27,103.37,119.02,119.09,110.2,97.3,102.31,103.05,103.3,121.3,118.69,112.36,101.01,103.31,103.1,105.07,125.1,125.04,112.75,102.38,104.23,108.16,114.97,135.6,138.63,117.3,108.23,111.13,115.39,116.04,134.8,141.73,122.31,111.17,111.63,115.06,116.1,134.01,135.92,114.53,106.14,107.21,107.62,109.68,127.47,127.69,114.36,99.3,99.82,98.53,86.92,91.48,91.77,79.93,69.2,66.72,67.71,71.84,81,75.7,72.88,66.03,66.46,68.8,73.21,75.92,72.23,68.49,67.71,68.26,71.48,70.79,71.94,73.12,73.74,73.07,75.52,80.18,83.39,76.81,76.06,54.91,74.72,72.53,75.78,76.8,88.83
Finland,,country/region,transit,100,98.58,99.52,101.67,104.5,101.66,98.45,101.21,101.75,99.77,102.42,104.24,98.82,95.71,99.14,104.02,100.54,97.82,103.22,98.45,94.66,101.87,101.12,100.18,103.84,103.94,108.63,96.66,102.2,103.67,99.12,105.19,109.69,106.41,101.88,104.08,102.87,108.97,101.71,109.29,109.47,102.06,105.78,104.75,110.93,106.48,111.4,106.69,98.55,104.77,98.28,101.41,98.89,109.1,101.52,96.95,91.68,94.49,89.5,76.09,73.06,66.01,58.61,59.47,47.36,44.37,45.37,43.31,37.65,41.99,38.71,39.38,35.61,36.88,34.97,35.76,38.39,38.45,38.27,36.03,36.93,36.16,34.47,36.11,39.23,36.31,38.51,35.48,37.96,34.02,32.26,41.28,39.78,39.22,36.5,40.39
Finland,,country/region,walking,100,96.91,101.01,104.8,112.42,112.51,90.11,99.27,99.25,100.64,102.29,112.82,118.59,88.15,88.29,93.69,96.89,96.88,113.66,110.28,88.05,95.61,98.57,101.36,99.76,112.11,119.42,85.15,92.14,103.36,102.25,120.51,121.65,111.39,79.1,95.11,103.72,106.41,100.89,109.28,103.71,94.74,102.21,107.1,107.46,105.78,116.57,120.73,80.62,97.4,99.25,90.1,97.26,120.2,120,92.45,91.69,86.45,84.57,82.82,78.52,79.46,61.04,59.95,55.71,59.53,64.98,65.1,59.87,59.37,56.94,60.08,59.56,64.57,66.85,69.55,61.07,59.04,55.83,65.26,59.47,57.82,70.28,71.09,69.57,70.32,75.25,70.02,68.27,70.36,40.75,66.49,59.72,61.18,61.08,70.16
France,,country/region,driving,100,101.6,104.67,107.25,112.07,114.84,93.4,94.67,94.52,97.84,98.36,111.42,109.7,87.85,91.22,92.87,97.88,97.18,107.43,114.7,91.31,93.45,93.89,99.17,99.49,110.43,117.24,89.9,94.95,95.69,99.98,101.41,118.69,126.61,96.71,100.32,100.83,102.03,104.31,118.42,127.73,97.72,99.66,99.4,100.49,99.76,110.5,111.85,87.03,90.07,92.79,95.13,95.6,104.21,107.37,83.78,86.66,88.19,90.42,82.45,83.06,77.54,52.76,56.5,31.7,23.05,22.4,21.2,16.23,15.33,22.36,22.54,22.2,22.05,21.83,18.44,17.2,22.89,23.74,23.86,24.15,23.5,19.72,19.61,25.69,26.27,26.46,26.9,26.58,21.66,17.91,21.83,30.2,30.76,31.09,30.44
France,,country/region,transit,100,100.31,102.48,103.75,106.97,111.44,93.29,97.27,97.37,101.6,98.73,102.88,108.67,86.82,93.38,96.84,102.13,102.44,114.36,125,96.52,99.2,100.43,107.64,106.75,115.25,115.65,96.23,105.43,105.21,109.02,111.95,119.97,117.34,101.79,118.54,118.54,116.32,118.49,125.78,127.21,108.53,115.31,115.9,120.41,121.51,132.46,132.41,100.53,104.69,106.87,109.26,111.99,121.29,124.75,95.36,97.3,98.7,104.31,92.11,85.57,74.08,42.55,32.84,16.57,13.58,12.71,12.29,10.75,10.31,12.06,12.06,11.75,11.58,11.23,11.07,10.66,11.96,12.04,11.92,11.87,11.56,10.7,11.25,12.6,12.49,12.2,12.1,12.25,11.43,10.56,12.25,13.68,13.56,13.78,13.92
France,,country/region,walking,100,105.95,108.49,121.22,117.98,135.17,79.07,86.45,90.11,91.4,95.75,112.71,117.06,66.53,77.64,84.94,95.11,93.85,108.5,126.17,70.78,83.3,86.31,94.07,99.16,106.88,117.98,66.62,80.08,86.83,93.75,95.63,117.96,126.34,74.44,86.9,95.91,94.03,99.23,108.42,120.95,75.84,88.4,89.42,90.61,90.86,106.25,109.99,61.23,73.5,83.57,82.79,83.03,98.34,112.37,61.73,72.76,77.48,84.66,79.25,79.32,75.85,39.6,31.2,18.24,17.24,18.13,15.84,12.37,10.7,17.67,17.57,16.13,15.08,14.87,14.26,10.44,12.95,14.09,14.68,14.64,15.13,14.93,14.45,14.9,16.18,16.23,16.66,17.09,15.5,12.49,13.84,17.36,18.07,18.22,18.3
Germany,,country/region,driving,100,101.31,102.82,104.61,114.38,109.65,103.81,100.54,102.9,102.65,102.61,112.68,108.85,102.26,101.93,105.2,102.84,105.23,119.14,115.73,106.1,105.13,107.72,106.59,105.26,120.68,120.85,105.91,105.72,108.42,108.83,112.43,130.41,128,109.63,108,109.42,110.81,108.14,125.52,119.65,99.22,102.49,105.39,104.39,110.47,117.01,115.16,106.11,101.52,104.1,102.87,105.34,115.68,112.85,105.05,99.11,100.16,97.05,87.94,86.47,78.32,72.26,68.97,63.71,59.52,54.87,50.87,37.9,39.75,45.1,45.53,46.48,48.12,49.58,45.98,42.18,50,52.68,53.29,53.15,51.46,47.44,55.02,58.99,60.26,61.92,58.89,51.44,51.05,46.1,53.67,61.19,63.04,65.48,64.69
Germany,,country/region,transit,100,102.85,102.41,105.37,114.32,116.37,102.26,99.42,101.25,100.44,103.03,111.85,117.24,99.33,101.54,101.07,99.92,102.77,113.42,115.02,104.64,104.37,104.7,101.33,101.98,113.45,117.99,100.3,104.99,105.67,106.43,112.26,121.04,125.2,114.91,157.64,140.18,132.15,135.25,145.98,149.75,127.86,129.82,128.68,123.84,128.01,138.23,140.56,123.28,118.97,116.1,114.82,117.3,127.44,134.51,115.27,110.61,106.74,101.51,91.75,82.21,77.72,63.99,57.93,50.68,46.15,39.17,33.88,29.1,30.14,31.37,31,31.36,31.4,31.8,31.88,29.48,32.39,35.14,33.52,33.82,32.02,33.02,39.16,40.67,40.58,39.96,38.54,40.24,36.2,37.88,38.77,41.62,43.22,44.83,43.47
Germany,,country/region,walking,100,104.04,107.18,110.76,124.13,137.91,91.01,99.26,102.36,100.62,104.64,119.37,135.62,89.33,99.07,98.48,99.88,106.28,127.99,139.86,91.42,104.16,105.5,108.79,109.22,128.59,150.13,86.21,91.76,104.04,108.17,112.38,141.37,161.49,98.68,111.55,115.71,109.61,121.49,131.42,149.93,93.4,114.25,106.82,99.85,104.58,123.05,138.07,95.72,102.74,103.29,101.89,102.6,116.04,140.22,93.98,96.92,90.68,96.4,89.79,88.28,95.38,75.8,71.25,61.98,57.99,51.98,45.37,36.4,42.76,42.11,43.85,43.83,45.78,52.26,58.85,33.95,42.5,47.88,50.5,50.82,48.24,59.17,75.42,66.13,66.37,67.94,65.26,73.42,67.61,67.93,54.13,55.07,63.21,69.23,69.5
Greece,,country/region,driving,100,100.63,100.57,100.6,110.76,113.18,106.76,96.02,95.5,98.73,97.72,108.81,112.89,108.84,95.89,95.58,98.33,102.87,112.72,116.08,112.42,95.67,97.46,96.64,103.46,121.1,119.98,116.73,102.6,104.28,106.66,108.1,123.56,123.65,121.23,117.92,123.39,116.34,121.1,118.04,121.53,114.37,104.15,104.31,105.83,107.2,120.29,115.89,113.79,139.75,98.77,99.65,101.98,103.73,104.86,106.74,94.91,88.49,84.96,73.95,66.02,49.1,39.41,38.82,38.03,33.31,32.44,33.88,30.34,30.72,20.78,21.02,18.59,22.02,21.94,21.02,21.57,26.27,25.8,24.73,27,25.38,19.88,19.7,25.73,26.6,28.36,28.75,30.09,26.91,26.99,31.93,32.78,32.52,32.87,31.6
Greece,,country/region,walking,100,100.5,101.91,108.84,119.88,127.75,96.49,95.3,97.66,101.94,102.57,121.64,134.75,100.5,93.13,101.26,104.46,107.8,125.02,138.69,109.39,98.14,105.77,93.43,99.78,132.73,137.33,112.88,106.25,111.08,113.07,126.92,150.06,157.11,124.49,126.22,127.66,125.98,137.67,139.05,145.35,121.81,115.7,111.79,107.21,113.48,129.68,139.7,118.77,91.9,98.65,99.79,114.1,126.03,133.12,100.1,91.15,102.25,95.05,86.04,74.54,50.63,33.98,32.14,30.5,27.43,26.74,28.3,25.9,24.36,19.06,22.32,19.32,19.58,19.62,23.65,25.96,28.28,27.69,23.12,28.03,22.87,18,18.24,23.48,24.17,28.55,30.81,34.68,37.26,38.27,36.54,36.18,33.85,37.48,41.43
China,Hong Kong,country/region,driving,100,106.79,111.3,116,138.02,129.52,116.02,118.3,114.27,108.7,95.34,82.73,75.22,77.2,71.15,69.52,68.28,65.19,65.86,65.95,63.83,66.47,67.04,60.53,64.82,73.26,68.55,69.67,64.46,64.37,63.81,68.84,79.4,69.28,63.47,67.26,69.49,67.52,69.97,80.37,79.72,72.64,62.77,59.14,63.84,67.23,77.09,80.09,70.97,67.4,68.29,67.38,67.34,76.98,75.58,67.89,68.7,69.99,66.71,64.05,74.9,75.89,66.07,61.66,59.13,59.36,59.17,66.21,60.63,60.88,56.57,56.44,54.05,55.9,58.81,47.81,48.82,49.66,50.5,49.8,49.85,54.58,46.96,48.71,52.01,56.01,55.89,56.51,53.53,51.98,53.91,51.93,52.19,52.16,53.58,60.48
China,Hong Kong,country/region,walking,100,109.2,114.16,117.93,143.42,127.53,113.68,127.75,120.06,110.21,92.92,66.38,52.37,58.63,55.42,56.55,55.99,50.6,52.98,46.35,46.4,46.9,49.33,44.48,47.15,53.91,47.96,47.57,45.78,45.74,44.96,51,61.39,49.16,42.81,49.14,51.68,51.24,53.59,61.74,57.89,52.22,46.86,45.66,49.5,52.71,61.24,60.19,52.72,53.29,53.31,51.59,55.22,65.62,60.46,51.5,54.07,55.3,54.21,57.73,67.49,67.76,58.36,54,51.35,52.49,52.87,58.75,54.44,49.36,47.1,48.96,43.76,48.02,47.82,36.9,35.75,39.75,40.49,40.95,40.47,45.05,39.78,36.73,42.78,49.41,48.01,47.64,46.26,42.36,45.68,45,46.13,45.21,46.74,53.6
Hungary,,country/region,driving,100,100.89,103.13,106.74,119.57,111.98,100.08,99.79,99.22,101.49,108.57,120.08,114.68,100.38,99.38,100.36,101.38,104.59,120.41,120.99,108.44,103.11,103.75,107.9,110.58,127.22,125.31,113.24,107.4,108.79,112.34,123,142.05,137.99,120.76,115.33,116.53,118.15,121.46,137.21,133.62,119.17,111.98,113.21,112.38,114.67,125.99,119.91,106.2,104.57,107.28,107.74,114.05,129.49,122.28,107.74,103.48,101.59,97.53,93.39,93.01,78.78,71.09,64.95,58.26,55.33,54.66,55.61,39.15,36.07,40.79,43.23,43.61,46.11,55.78,36.55,39.59,42.85,46.81,47.83,50.67,54.44,49.08,50.09,54.22,57.83,61.81,61.82,46.85,42.64,35.85,43.02,56.56,58.74,60.71,62.89
Hungary,,country/region,walking,100,98.25,101.86,110.46,136.71,145.18,108.11,107.47,106.77,103.21,117.62,142.79,153.95,112.8,109.44,102.61,109.15,116.83,157.38,174.54,129.25,120.6,110.22,115.56,122.52,161.51,172.34,131.13,124.09,124.28,126.22,150.42,197.69,213.12,157.31,154.17,155.29,151.08,154.68,177.67,197.02,148.71,142.09,145.36,130.52,137.68,162.94,173.19,124.33,124.88,116.17,116.51,130.14,151.47,167.64,121.01,115.38,111.2,106.96,105.23,97.61,87.03,66.04,53.75,41.43,37.07,34.35,34.52,20.95,18.2,19.58,23.57,21.56,24.66,31.49,24.24,25.2,23.39,25.76,26.6,28,31.41,32.26,31.61,32.77,33.82,34.73,36.07,29.05,27.11,23.2,24.21,29.87,32.32,35.92,36.78
Iceland,,country/region,driving,100,107.33,113,114.84,135.74,135.06,108.76,106.44,109.04,104.02,98.62,131.83,132.81,118.67,112.99,110.48,113.17,119.45,148.12,148.89,125.84,115.34,120.31,124.53,135.36,153.76,155.16,134.15,120.87,130.44,124.44,129.68,108.57,155.2,137.71,143.23,138.34,141.17,152.04,162.66,168.43,140.17,126.51,123.6,122.89,135.48,164.21,173.18,133.55,137.12,133.23,130.81,141.71,166.05,157.89,136.76,125.93,129.5,117.99,109.65,124.53,114.42,86.1,76.9,73.4,69.04,63.75,63.27,51.09,31.55,45.84,46.72,42.25,46.05,57.76,58.44,45.01,49.33,51.03,55.04,61,66.74,46.44,27.41,56.35,61.96,79.2,53.58,41.42,62.21,34.74,40.16,61.01,61.67,58.6,71.11
Iceland,,country/region,walking,100,101.26,88.81,102.24,111.77,115.61,99.3,93.05,100.09,88.23,81.81,112.09,113.13,98.29,94.26,96.78,96.23,100.36,121.79,125.25,98.1,93.71,105.88,102.84,112.92,127.14,125.48,107.53,100.23,108,103.75,98.7,115.91,128.74,107.63,113.26,119.59,109.81,120.32,145.76,130.87,102.17,104.09,101.34,93.67,100.72,141,129.66,109.79,100.55,105.74,95.65,110.75,132.88,135.37,100.58,93.58,103.75,86.93,92.24,96.95,85.46,57.16,57.63,58.14,43.2,39.08,37.48,30.06,18,26.84,33.5,28.46,30.64,32.96,31.79,24.52,29.45,27.91,33.01,39.64,37.63,26.55,15.88,33.22,41.62,50.23,27.85,22.99,33.45,23.2,24.54,40.58,38.27,39.66,43.18
India,,country/region,driving,100,102.35,107.96,110.77,120.64,136.84,122.4,106.83,101.75,103.08,101.67,113.52,125.46,116.77,106.81,106.16,114.93,115.4,122.46,131.49,119.28,108.72,111.32,105.92,110.8,126.79,137.98,133.39,109.32,108.38,115.12,115.6,136.8,141.22,134.78,110.74,109.83,111.83,119.25,126.09,132.79,125.45,112.01,121.54,118.45,115.22,124.07,130.42,120.68,108.04,102.79,105.28,105.2,118.4,128.65,112.75,93.18,94.54,101.21,97.05,101.01,107.66,97.37,85.91,81.34,78.24,69.53,63.43,45.24,32.67,40.44,25.3,21.93,21.22,21.93,21.92,21.19,19.22,17.86,17.67,16.99,16.72,16.58,16.3,16.69,16.78,17.34,17.25,17.56,17.28,17.28,17.49,18.73,18.56,18.04,17.94
India,,country/region,walking,100,99.18,104.08,107.41,113.91,128.02,113.39,107.91,104.55,105.83,103.4,109.91,121.16,111,110.66,106.98,111.35,110.41,117.08,125.96,113.76,110.57,113.23,111.12,112.76,121.71,131.52,124.04,111.18,110.37,114.14,113.44,126.82,128.87,123.88,112.46,111.89,111.1,110.89,118.27,124.28,115.85,106.89,111.47,111.23,109.51,116.43,120.97,113.13,108.29,107.65,105.65,103.11,109.83,117.79,106.42,90.04,89.34,100.42,97.44,97.9,99.09,92.1,86.17,81.66,78.34,67.58,57.93,41.11,32.88,35.93,29.32,30.33,32.03,34.4,32.85,29.93,27.18,25.45,24.93,24.43,24.82,22.82,24.73,23.12,23.14,25.39,24.81,24.58,25.07,25.78,25.26,27.15,26.54,26.11,25.17
Indonesia,,country/region,driving,100,100.95,103.17,103.49,127.22,135.77,109.68,103.62,101.54,106.06,110.31,142.98,144.2,116.83,105.27,105,102.55,100.66,129.64,147.18,117.4,103.69,103.6,105,106.75,131.57,145.83,112.79,103.37,102.29,102.07,107.27,133.75,142.78,109.17,98.27,96.71,103.73,107.9,134.18,142.24,107.99,102.07,99.4,98.92,100.77,129.12,143.34,110.82,97.69,95.87,97.14,102.06,130.82,139.89,106.16,96.88,96.96,96.2,93.03,114.99,116.88,87.76,77.54,72.22,67.97,62.5,66.39,64,51.47,46.59,40.72,39.29,39.48,43.74,42.48,40.44,39.72,40.62,42.03,41.87,43.66,45.19,42.23,41.82,41.97,41.76,41.47,42.66,42.26,41.82,42.14,42.52,42.33,41.52,42.84
Indonesia,,country/region,walking,100,100.61,97.86,100.22,114.75,128.47,107.06,103.86,100.7,104.28,102.69,125.3,131.44,111.84,106.66,106.36,100.34,99.32,118.64,131.66,113.51,103.42,102.42,103.29,103.7,115.09,129.25,110.41,102.7,98.81,97.3,102.12,116.83,125.67,102.73,95.96,95.66,97.78,100.52,114.25,125.6,99.26,96.88,93.63,91.96,91.42,111.25,119.76,97.89,94.71,95.13,90.37,95.05,110.2,117.99,96.21,89.48,91.21,88.5,86.82,98.41,98.25,75.32,66.82,62.19,59.46,50.97,51.77,48.79,39.75,36.13,30.27,29.63,31.52,33.03,31.91,31.08,30.86,32.03,31.54,32.61,33.73,33.81,32.51,32.38,31.5,32,30.48,32.73,33.32,31.55,33.06,33.3,33.34,33.65,32.29
Ireland,,country/region,driving,100,113.54,113.02,123.29,127.76,130.2,116.27,115.13,116.94,119.09,120.16,131.57,139.57,119.13,109.41,111.59,117.47,120.01,138.74,141.94,120.11,107.74,114.74,115.79,119.08,138.66,136.41,105.52,108.86,111.78,120.17,122.45,148.33,136.51,123.27,129.51,133.33,137.54,142.65,157.03,141.99,120.65,113.98,114.18,120.71,126.33,141.19,127.32,122.75,121.44,125.08,124.54,126.59,142,142.49,128.59,117.1,109.29,106.08,92.88,89.47,80.93,69.95,61.82,54.96,54.48,56.76,60.7,51.39,59.8,46.17,44.57,43.56,43.93,60.93,32.65,24.21,28.42,28.76,28.86,29.19,31.41,26.47,22.99,29.75,32.72,33.68,32.6,31.38,27.02,19.52,24.78,31.97,32.6,34.27,35.65
Ireland,,country/region,transit,100,101.47,105.76,109.21,116.67,114.31,110.74,110.35,106.75,106.14,111.58,119.46,124.24,107.62,111.68,110.26,111.99,114.4,134.85,129.7,116.05,115.84,111.56,114.14,118.44,132.25,122.7,104.43,116.87,111.57,115.94,119.58,136.75,125.93,120.98,126.48,125.8,129.93,128.82,146.81,127.76,111.69,114.39,112.05,114.07,121.67,136.02,129.29,120.6,119.28,121.31,115.18,118.14,132.79,125.75,118.54,115.72,108.21,100.96,79.53,81.62,65.19,53.11,39.8,32.98,27.02,25.61,24.64,20.7,22.78,20.5,19.33,19.08,17.03,18.47,12.48,11.21,12.6,12.17,11.84,11.59,11.95,9.58,10.95,11.95,11.61,11.78,11.92,11.61,10.26,8.65,10.7,11.88,11.44,12.04,12.05
Ireland,,country/region,walking,100,114.6,120.48,122.95,150.65,175.73,126.37,127.41,127.55,129.52,130.33,156,190.76,122.35,115.36,116.22,122.18,128.04,175.5,206.81,124.82,117.6,127.82,127.67,132,174.38,197.61,108.3,113.22,109.18,122.11,138.83,189,188.57,142.91,151.15,151.25,148.25,158.63,183.1,187.93,122.82,112.99,111.89,124.55,144.98,176.19,172.66,130.99,129.56,144.34,136.1,141.67,172.4,196.24,141.37,131.54,128.47,112.82,100.76,112.43,105.11,71.27,51.6,43.18,38.47,38.24,38.59,32.55,37.08,31.74,29.7,30.01,29.07,53.96,39.39,25.59,23.71,24.82,24.31,22.83,25.53,25.31,20.34,25.45,30.37,30.79,27.46,30.13,29.79,18.13,25.9,27.7,29.83,29.35,30.7
Israel,,country/region,driving,100,102.65,102.91,112.6,85.85,90.93,96.24,95.49,100.28,99.96,106.01,80.56,91.75,100.63,98.91,99.18,99.96,106.8,82.63,91.83,105.09,99.37,99,98.11,109.61,81.78,87.9,98.26,103.06,103.71,110.16,124.07,102.57,112.53,111.74,112.46,113.76,106.5,125.17,103.55,100.16,112.64,110.16,113.75,110.88,124.42,100.19,96.91,113.45,119.92,104.73,105.8,110.9,83.08,91.15,102.68,104.92,99.57,91.09,73.96,49.51,53.12,62.36,62.01,43.3,38.28,36.98,25.79,29.13,40.04,39.23,41.29,41.27,35.53,26.03,26.94,36.18,34.92,33.99,34.55,36.53,26.88,27.74,42.06,45.65,43.95,20.78,22.25,25.6,29.77,43.85,42.17,28.91,27.46,44.25,35.64
Israel,,country/region,walking,100,101.98,104.91,121.5,86.39,82.07,80.85,84.88,81.95,99.01,108.37,80.64,85.31,97.66,96.74,98.84,98.81,113.02,88.92,78.1,98.42,96.66,97.39,97.2,117.82,83.59,70.27,90.08,96.19,100.42,113.38,135.79,117.4,106.47,108.05,114.34,116.67,98.66,133.22,114.74,95.16,110.63,109.24,111.03,114.56,143.74,121.7,89.6,125.46,156.89,112.06,111.92,126.62,96.73,95.02,117.09,136.92,120.62,99.26,72.54,45.74,48.75,59.38,59.39,31.9,30.67,28.44,18.87,23.3,31.77,33.54,38.82,44.87,30.37,24.13,23.68,27.74,27.93,26.4,25.02,27.48,21.9,22.87,28.63,31.95,33.68,17.78,19.78,19.79,23.75,32.28,35.2,24.74,23.93,37.62,32.06
Italy,,country/region,driving,100,102.63,105.41,106.18,114.69,127.45,110.65,102.59,103.94,106.67,107.02,119.01,126.85,109.51,99.61,102.59,104.68,105.67,114.35,125.55,111.41,100.52,101.89,103.77,105.58,119.19,129.46,117.1,104.55,108.02,112.5,116.51,139.93,145.29,132.32,110.43,112.72,118.28,120.67,135.58,139.43,114.78,98.2,92.5,89.15,90.16,97.78,100.27,83.48,81.65,85.76,84.99,82.37,84.73,84.19,68.71,54.84,37.32,30.97,23.12,21.55,16.85,15.92,19.58,19.4,19.1,19.82,19.94,16.88,13.22,17.28,17.79,17.69,17.16,17.89,16.53,13.89,17.83,18.85,18.92,19.69,20.08,18.14,15.64,19.96,21.51,23.02,23.97,25.06,22,12.66,15.13,21.84,23.68,24.21,24.65
Italy,,country/region,transit,100,100.82,100.4,99.52,107.35,113.33,108.25,102.14,99.04,100.05,102.72,107.54,116.79,110.36,101.6,101.95,102.49,100.8,101.93,107.43,106.2,98.79,99.71,98.91,103.67,114.12,117.08,113.16,108.57,109.4,110.36,117.55,127.08,130.72,125.6,119.01,118,120.44,124.06,126.36,126.83,113.18,96.25,81.28,74.29,74.11,76.73,76.34,69.12,67.14,65.83,61.44,59.45,57.32,52,46.69,37.69,23.02,19,13.06,11.93,10.96,11.13,10.88,10.76,10.22,10.35,10.17,9.51,9.23,9.7,9.29,9.31,8.86,8.43,8.59,9.18,9.5,9.76,9.22,9.61,8.57,8.58,9.25,9.68,11.43,10.18,10.3,10.05,9.27,8.71,10.25,11.23,11.32,11.2,11.22
Italy,,country/region,walking,100,102.1,104.86,107.32,122.71,142.38,109.49,99.19,102.26,105.19,109.44,126.34,150.68,111.59,101.22,104.22,109.74,110.64,127.71,149.16,118.22,108.19,108.79,108.09,111.82,131.64,160.32,118.67,108.86,117.98,122.37,132.34,170.85,194.34,144.17,123.94,131.03,132.99,142.68,158.11,181.74,129.3,107.66,94.26,82.94,83.27,92.59,100.06,65.47,63.94,70.14,71.71,66.63,71.88,76,51.9,39.86,29.4,27.09,18.21,18.09,16.08,15.86,15.68,15.33,15.07,15.84,17.33,16.08,11.41,13.05,13.67,12.87,12.67,14.16,14.86,10.97,12.89,13.93,14.45,14.92,16.03,16.48,13.05,14.64,16.42,17.47,19.14,21.25,20.58,11.43,12.05,15.41,17.06,17.77,18.86
Japan,,country/region,driving,100,97.94,99.14,103.16,123.15,130.54,104.44,100.01,99.73,99.02,102.76,129.78,131.34,101.47,94.7,99.11,101.33,101.75,128.05,132.95,106.91,103.28,103.66,103.12,105.07,132.39,148.54,120.49,128.3,112.01,109.2,110.99,134.71,131.54,114.42,111.43,111.19,112.58,116.79,140.56,161.69,142.83,116.21,107.01,107.46,103.29,112.22,114.58,103.92,105.91,103.24,106.01,110.8,122.87,115.69,113.65,108.76,116.12,117.83,115.47,123.4,133.14,120.19,119.97,123.25,127.56,152.83,161.59,148.75,127.72,124.82,128.24,128.82,121.43,122.59,111.03,111.53,105.3,97.79,98.41,99.61,107.26,97.79,91.93,87.35,83.74,81.2,79.75,85.41,69.08,67.85,74.14,78.43,77.49,73.73,67.08
Japan,,country/region,transit,100,99.33,101.16,107.02,128.61,131.7,104.9,102.13,102.41,101.15,105.97,131.96,132.99,101.53,96.58,100.7,102.45,103.5,129.82,131.35,109.27,106.53,108,105.15,108.17,132.29,155.72,120.26,127.42,113.31,112.26,114.08,133.01,128.41,114.64,112.88,112.02,112.54,116.33,134.17,146.81,130.41,112.61,104.56,102.38,97.64,102.82,104.61,98.18,100.79,97.95,100.36,104.22,109.49,101.58,106,102.41,109.49,111.98,110.47,108.61,113.41,110.5,112.5,115.65,118.04,127.64,131.95,123.18,116.13,116.35,118.84,117.95,109.55,102.47,91.71,99.29,95.23,93.59,92.36,91.56,91.22,81.07,82.91,78.3,73.88,70.69,68.03,69.34,56.65,57.7,61.63,64.82,63.57,60.27,53.55
Japan,,country/region,walking,100,96.07,102.01,108.67,135.81,148.78,105.94,101.99,103.65,97.98,108.94,147.47,148.88,99.96,90.56,103.86,110.98,109.17,145.33,148.04,115.13,113.98,116.67,109.4,111.67,143.57,154.39,121.72,138.39,119.7,121.38,124.99,150.75,138.76,119.97,122.2,122.62,124.25,127,145.9,163.51,145.52,121.18,112.83,111.53,104.84,112.22,116.77,101.49,113.27,103.49,109.96,117.33,121.2,102.85,118.47,108.01,126.08,132.61,130.25,112.95,124.7,122.39,129.51,136.79,138.72,142.88,149.4,140.39,133.79,134.98,141.1,142,123.41,105.55,84.38,105.3,105.72,94.47,98.5,101.04,100.06,82.85,88.32,84.77,79.34,75.52,72.25,75.47,56.71,46.81,63.73,72.88,70.81,64.34,47.9
Latvia,,country/region,driving,100,100.86,103.78,106.99,117.63,117.49,103.15,102.24,102.12,103.22,103.71,122.65,124.21,103.64,100.15,99.27,104.75,104.33,120.46,115.39,100.69,102.88,105.67,102.77,106.85,125.66,129.95,110.71,104.18,116.77,116.46,115.91,146.66,134.01,110.55,108.26,109.37,107.69,114.64,134.09,127.43,109.67,109.16,105.86,106.2,113.13,134.46,122.41,100.84,98.53,106.91,103.35,112.68,128.26,125.94,108.47,99.05,101.3,97.94,81.05,86.18,74.49,74.55,63.64,62.99,55.92,65.05,63.25,63.43,60.66,55.75,56.89,62.11,64.77,74.1,77.67,50.3,49.27,52.13,50.21,54,58.76,63.77,70.48,71.02,78.75,78.18,70.06,72.83,69.72,46.42,55.04,58.11,63.09,61.69,68.54
Latvia,,country/region,walking,100,95.31,98.96,104.59,128.36,113.27,88.94,94.27,95.01,97.81,104.31,146.37,140.56,86.7,102.96,98.06,107.26,110.78,135.72,128.08,86.47,105.66,108.13,101.02,112.79,147.44,149.86,105.53,112.28,135.34,139.26,130.9,173.15,156.03,101.4,123.11,127.67,123.13,132.92,165.73,145.66,109.1,120.71,108.33,113.89,126.01,171.41,155.06,100.92,109.12,110.65,101.3,114.6,154.96,146.22,101.71,105.86,96.28,96.03,88.94,86.83,61.63,59.49,44.94,53.76,44.1,54.7,45.66,43.13,45.99,44.15,47.87,58.17,55.13,57.2,67.72,34.34,36.03,37.66,39.82,35.49,37.89,48.28,54.6,63.69,65.73,59.62,47.72,57.58,50.04,33.96,34.17,33.55,42.85,46.29,41.1
Lithuania,,country/region,driving,100,98.15,102.22,107.33,120.05,112.07,96.12,99.92,101.45,103.11,105.19,123.64,115.89,94.54,97.08,101.54,100.93,100.78,118.84,108.72,98.1,98.55,104.1,105.18,109.32,127.25,115.79,103.09,105.11,106.4,107.55,115.47,140.21,123.28,105.49,112.58,117.64,119.31,122.03,133.66,123.23,98.97,104.49,102.21,106.77,106.6,118.77,103.25,95.49,97.86,101.25,101.6,107.58,126.28,118.82,99.15,98.9,109.73,95.15,84.7,92.53,70.39,63.46,52.73,55.8,50.65,51.37,55.04,51.11,45.06,46.78,50.06,50.34,53.24,58.89,63.49,40.55,45.98,48.14,48.26,46.12,54.14,57,58.35,60.23,67,65.58,62.11,58.47,34.02,27.11,38.32,56.29,56.9,62.38,69.63
Lithuania,,country/region,walking,100,99.21,111.09,109.1,139.24,118.85,89.11,97.36,95.41,99.04,111.65,154.41,236.75,133.6,98.16,106.41,111.79,117.81,132.92,120.02,91.49,118.32,121.49,116.64,124.78,151.09,136.21,99.69,103.8,105.84,119.82,130.76,177.29,153.64,115.37,129.57,133.57,145.73,155.83,166.49,133.12,96.14,111.14,112.22,119.02,111.79,135.53,127.53,89.62,105.42,114.6,123.39,130.11,160.11,154.24,102.21,106.61,121.21,101.45,88.89,98.36,59.88,58.12,44.17,51.72,50.55,48.2,52.91,41.93,38.47,35.98,42.73,45.9,46.81,53.3,55.77,32.29,36.46,39.1,35.72,32.78,36.35,42.42,47.46,54.07,61.27,58.61,50.24,52,37.65,30.03,31.9,40.01,41.11,44.37,59.71
Luxembourg,,country/region,driving,100,98.06,95.12,103.03,100.71,87.19,75.75,96.94,96.91,95.07,97.63,100.48,84.33,73.95,95.47,95.18,95.32,95.53,98.69,87.22,77.85,96.56,95.01,99.11,100.32,100.54,87.95,69.59,96.96,102.13,103.62,101.41,110.86,89.15,74.07,89.04,91.02,87.1,88.19,100.62,82.6,72.98,92.77,94.01,91.08,137.89,98.98,89.82,76.01,96.58,93.73,96.23,105.27,97.48,87.76,73.26,88.76,89.18,83.72,74.98,77.71,53.82,46.81,57.07,43.03,33.2,28.48,26.93,18.2,18.43,23.72,23.6,24.68,24.33,25.91,22.38,18.85,24.77,25.34,26.12,25.73,26.81,24.12,23.27,27.85,28.18,29.56,30.05,31.95,27.54,21.48,22.79,30.44,30.74,31.88,33.99
Luxembourg,,country/region,transit,100,96.05,92.65,97.1,100.71,94.58,88.16,94.54,92.1,95.55,94.96,106.51,83.87,83.96,89.71,87.61,91.73,93.95,93.11,99.03,95.67,96.56,105.29,94.96,88.87,97.1,95.93,76.27,91.14,90.21,94.58,95.63,96.35,96.14,82.15,106.05,97.31,94.29,89.58,94.88,86.48,85.59,105.38,97.1,97.98,109.37,106.17,104.49,105.12,114.95,115.71,118.14,112.01,115.08,121.13,98.03,99.58,87.15,98.24,75.85,71.1,57.03,47.92,41.96,28.39,20.29,20.37,18.56,14.28,13.31,16.42,13.65,15.96,12.81,15.29,16.8,13.99,16.55,16.3,14.95,14.7,12.31,16.34,13.36,16.63,17.14,19.49,21.08,20.12,20.24,16.34,14.57,18.4,20.83,19.07,18.73
Luxembourg,,country/region,walking,100,108.38,113.36,118.44,125.5,115.08,81.05,104.85,114.33,109.12,108.7,129.82,118.57,74.39,96.62,101.59,115.01,110.65,128.01,124.01,83.73,108.15,109.55,122.46,120.8,135.64,134.92,70.42,91.2,106.02,109.12,109.8,137.84,127.75,82.18,101.19,104.38,109.57,97.53,117.2,115.97,71.61,102.4,107.15,103.06,104.47,128.56,121.63,82.5,98.07,108.4,108.17,107.17,120.69,136.3,73.74,93.87,92.22,99.23,89.39,88.05,76.54,56.91,60.87,45.98,38.24,41.54,38.77,25.16,33.05,34.96,33.47,32.97,32.41,38.37,40.6,24.14,30.73,32.3,35.69,31.77,34.6,41.24,45.66,38.01,43.41,46.34,47.32,47.4,51.15,42.75,38.79,41,41.28,43.41,44.11
China,Macau,country/region,driving,100,110.99,115.14,118.61,157.14,153.88,139.85,155.84,144.2,108.73,81.69,58.19,47.32,37.96,31.9,31.78,32.35,31.3,31.22,28.96,28.43,26.99,23.42,22.34,20.68,22.01,21.56,22.76,24.75,23.08,24.63,26.93,26.9,22.82,23.45,27.02,30.36,31.17,32.58,29.4,33.53,30.74,29.22,31.85,33.26,31.51,33.99,35.35,34.93,34.58,33.98,29.46,32.68,35.88,36.28,37.21,33.38,36.61,34.8,28.43,34.23,38.92,32.51,28.16,25.4,25.54,25.43,25.17,27.18,25.86,25.08,24.7,26.06,27.56,26.48,26.3,25.66,23.19,21.99,20.75,23.65,23.18,24.23,23.43,24.66,28.06,24.88,26.51,25.04,26.3,27.14,26.75,25.2,23.56,25.86,29.16
China,Macau,country/region,walking,100,114.97,118.3,129.82,173.98,169.86,157.28,179.09,159.86,111.75,80.49,59.88,40.94,33.49,24.46,20.32,19.26,19.48,17.24,16.11,15.44,13.37,11.07,10.79,10.25,8.79,7.51,9.62,8.87,9.18,9.14,10.39,11.04,8.44,9.87,12.87,17.04,15.81,16.82,14.96,16.1,14.75,13.79,14.47,15.7,16.68,17.2,19.58,18.64,18.92,18.76,14.76,17.49,16.56,20.32,18.07,18.96,17.53,17.4,17.97,21.58,23.41,22.97,17.99,16.66,16.39,17.41,18.01,17.1,16.94,16.24,16.5,16.6,16.37,17.04,16.37,14.8,14.44,13.55,13.71,12.81,14.02,15.35,14.54,15.83,18.23,17.71,17.62,16.31,16.49,18.1,17.27,15.84,16.14,16.95,19.69
Malaysia,,country/region,driving,100,98.11,103.36,111.32,137.04,130.98,109.69,103.57,107.76,123.77,139.44,170.26,172.1,170.46,161.85,124.74,114.84,111.4,136.51,134.75,113.17,100.5,97.37,101.29,110.54,142.97,133.99,110.1,97.8,96.62,99.08,109.94,145.37,131.39,105.77,94.77,94.23,97.88,106.76,143.07,133.91,105.47,93.63,94.58,96.05,105.9,140.85,136.5,110,94.63,95.67,95.61,105.95,136.3,129.71,106.38,90.7,91.25,89.5,99.06,134.25,129.68,104.7,86.46,90.92,53.59,42.91,38.97,30.57,29.76,31.21,33.71,36.93,38.08,37.34,36.99,38.89,39.79,40.13,43.42,41.79,40.82,39.58,42.85,43.92,44.78,44.28,45.31,47.51,47.19,48.76,49.93,51.2,51.14,51.26,49.56
Malaysia,,country/region,walking,100,97.46,100.35,110.03,130.19,125.64,104.91,103.77,104.65,111.72,119.97,137.01,155.33,143.07,127.42,106.25,108.2,100.54,106.83,109.2,92.89,85.64,84.2,84.98,96.91,112.09,112.14,89.74,84,83.27,84.75,93.33,116.58,106.73,84.19,76.85,78.7,80.09,83.48,105.24,107.95,82.94,75.28,72.55,75.24,84.43,106.87,106.84,84,73.62,73.59,73.58,77.07,97.61,95.76,75.18,68.38,64.65,65.93,70.2,91.48,85.02,67,55.43,45.64,33.84,29.35,26.67,22.09,20.34,22.39,22.8,25.76,26.88,27.04,27.02,27.05,27.15,28.61,31.08,30.8,29.62,29.88,32.08,32.44,33.69,34.39,34.26,36.05,36.58,36.18,38.56,39.06,40.18,37.5,37.94
Mexico,,country/region,driving,100,100.53,102.35,106.06,127.97,134.25,93.02,99.86,98.24,98.54,103.06,125.88,132.98,91.64,95.34,95.59,97.85,103.95,131.82,138.16,97.29,92.83,97.7,96.65,102.16,123.82,132.78,91.93,98.9,101.42,103.35,114.35,152.62,148.02,103.95,104.15,103.08,104.29,109.57,135.59,146.51,104.9,101.38,99.87,100.1,103.94,131.15,141.72,96.36,94.55,96.33,98.55,103.76,129.77,142.61,96.45,82.96,98.22,99.53,102.63,132.65,142.31,97.35,80.27,75.86,68.46,65.28,69.84,62.58,41.83,46.66,44.21,42.82,44.2,49.05,49.65,35.04,41.52,41.5,41.39,41.34,46.09,45.68,33.35,39.47,40.31,42.44,38.8,35.13,37.77,32.18,39.94,40.05,41.18,41.56,47.31
Mexico,,country/region,transit,100,100.05,100.15,101.98,110.88,96.82,77.79,99.28,98.72,98.51,101.45,109.94,97.91,76.61,95.72,96.48,96.5,98.53,111.68,93.02,68.97,77.51,94.93,96.12,99.74,111.23,101.97,79.59,96.97,97.32,98.71,103.8,115.75,106.37,82.76,99.33,98.87,99.54,101.83,118.52,118.07,89.77,98.62,97.37,94.41,101.61,113.27,103.91,76.32,93,95.62,94.23,97.72,111.96,103.79,76.99,74.38,93.47,99.59,96.81,105.55,87.97,60.9,61.03,68.63,58.78,54.03,49.89,40.13,31.55,35.65,34.12,32.68,31.48,31.83,29.4,25.33,28.12,28.1,27.32,25.55,25.87,24.4,22.13,24.66,24.84,24.9,22.66,21.23,21.08,22.5,26.55,25.44,25,24.36,24.24
Mexico,,country/region,walking,100,102.15,105.42,107.62,127.85,135.02,87.85,100.97,101.37,101.64,105.31,125.38,136.68,90.47,97.69,97,97.43,103.85,125.87,136.75,98.29,84.11,98.39,97.86,104.94,125.62,135.29,90.55,99,102.93,105.61,115.16,152.47,154.55,107,108.47,105.64,106.04,113.14,138.41,155.14,109.27,103.58,101.79,100.35,108.48,132.13,145.41,96.7,100.09,101.21,102.31,108.38,131.06,144.5,105.88,87.91,101.1,104.8,109.64,130.03,138.81,96.3,72.48,79.45,70.54,64.42,63.61,54.03,35.34,42.18,39.17,37.89,38.09,41.23,40.9,27.96,35.99,36.18,35.03,34.98,37.98,37.09,26.25,33.99,34.79,35.21,30.98,27.94,30.28,25.26,34.44,34.91,36.02,35.14,39.2
Morocco,,country/region,driving,100,99.8,101.5,108.9,121.4,143.32,131.57,125.79,130.38,135.43,135.24,140.48,146.61,131.6,106.67,104.64,105.64,105.87,114.12,134.8,125.96,107.51,107.27,113.29,109.6,121.23,140.21,130.78,110.68,110.07,114.3,113.72,128.88,146.06,129.27,117.5,119.15,118.34,121.35,127.93,144.15,134.85,113.4,114.4,114.98,117.64,132.97,145.77,135.07,108.98,108.42,114.44,109.68,124.89,137.16,122.44,103.66,103.35,102.38,96.79,98.86,100.34,74.76,60.04,47.18,41.46,34.18,30.68,17.58,14.92,16.38,15.65,16,15.28,15.79,13.43,13.29,16.03,16.51,16.11,16.09,16.32,16.83,13.94,16.13,16.87,17.35,16.76,17.62,16.1,16.78,18.45,17.09,17.91,17.13,17.69
Morocco,,country/region,walking,100,101.91,105.99,109.61,125.7,129.57,121.68,125.45,130.9,133.42,125.68,135.62,145.52,132.82,120.43,122.29,119.54,122.96,131.79,151.16,139.04,127.4,123.33,126.72,123.27,145.58,155.46,146.32,134.8,135.39,138.1,133.02,148.83,165.91,146.49,142.79,138.71,154.04,148.54,155.77,158.91,148.26,137.04,142.59,139.29,146.4,156.91,176.63,145.2,141.07,135.18,135.89,138.59,144.35,158.77,142.56,131.89,126,126.08,117.3,107.25,94.22,71.97,49.74,37.18,23.08,19.55,17.8,13.69,11.19,12.45,13.52,13.53,14.21,13.71,12.97,13.11,14.92,14.18,15.24,15.3,15.35,14.7,13.41,14.07,15.65,15.72,15.99,16.81,15.49,14.92,16.81,14.54,16.34,15.46,15.16
Netherlands,,country/region,driving,100,103.22,103.86,103.99,104.6,98.09,91.46,101.94,107.74,105.82,104.79,106.71,102.15,93.28,103.13,105.18,103.2,108.34,110.37,104.67,93.48,103.73,106.01,103.7,103.94,113.46,105.38,85.26,110.01,107.62,107.78,113.83,115.13,104.1,90.25,103.31,105.4,107.01,108.99,112.11,96.06,82.67,98,97.72,100.9,104.21,108.37,97.85,90.24,103.68,104.03,104.96,106.67,110.76,105.36,91.72,97.44,94.05,92.55,79.19,72.71,64.97,48.64,51.11,50.11,49.11,48.39,50.67,46.13,39,43.76,45.23,47.52,48.49,52.28,46.08,39.1,46.02,49.34,50.44,51.58,53.67,48.4,46.06,51.96,54.64,58.08,59.73,61.7,52.61,38.99,47.64,53.81,58.3,60.18,61.96
Netherlands,,country/region,transit,100,100.13,101.53,102.6,111.68,111.47,101.94,100.32,101.05,101.38,103.56,116.13,115.33,105.83,103.27,104.24,104.94,112.14,123.18,122.75,113.56,110.63,109.12,108.95,111.71,125.36,121.21,107.59,113.55,110.37,106.84,117.97,128.68,131.35,124.8,124.77,122.8,120.26,122.46,124.53,125.87,113.82,118.06,112.27,112.03,117.38,125.76,116.19,102.7,105.51,101.49,102.39,108.89,122.02,119.53,101.4,98.01,94.36,90.51,77.33,69.44,61.84,43.19,32.44,27.85,24.39,22.51,22.32,21.25,18.55,19.1,19.48,20.08,20.37,20.62,19.38,17.62,20.2,20.92,20.01,20.18,20.15,19.57,21.01,22.29,22.87,22.99,23.53,23.4,21.61,19.9,22.26,23.22,24.5,24.49,23.6
Netherlands,,country/region,walking,100,101.71,104.92,115.64,132.95,149.99,109.48,101.92,103.35,106.14,114.19,137.95,155.52,111.74,102.96,101.59,109.04,122.62,149.04,164.12,108.16,110.42,108.42,115.65,123.51,150.22,163.1,84.16,100.49,102.8,107.44,115.03,159.45,173.3,107.28,121.14,123.59,122.76,125.42,151.38,162.91,108.58,109.45,116.34,112.23,119.4,141.52,151.18,102.77,96.27,106.79,110.59,113.29,143.41,167.19,103.37,97.6,92.04,99.58,90.87,92.53,99.74,58.43,49.53,48.93,47,44,46.25,49.64,40.46,38.98,42.29,45.95,46.73,53.62,48.68,33.84,38.51,46.83,47.29,46.78,51.5,55.91,52.63,50.98,56.45,61.26,62.25,68.38,63.14,46.45,42.18,46.84,57.84,60.64,62.05
New Zealand,,country/region,driving,100,102.94,105.58,115.94,107.02,97.92,101.9,103.19,106.85,109.24,128.77,115.17,100.11,103.33,102.37,102.63,103.61,110.78,105.37,91.13,98.12,108.51,119.93,100.48,112.09,107.56,104.48,104.59,110.32,112.65,114.02,135.42,118.38,103.9,107.75,110.15,112.45,115.93,127.27,116.53,105.16,103.24,108.05,110.38,112.87,120.26,111.59,98.86,97.36,101.53,104.21,105.76,117.9,111.65,97.25,97.97,97.82,101,101.58,110.32,103.76,87.15,84,79.91,80.12,76.21,80.46,68.01,55.18,62.7,61.24,47.6,15.98,14.39,11.5,11.1,14.53,15.58,16.47,16.2,16.41,13.63,12.7,16.14,17.09,18.02,19.08,12.05,15.28,11.66,12.05,16.53,16.98,17.32,17.49,14.61
New Zealand,,country/region,transit,100,97.91,99.45,100.19,94,88.77,106.3,104.91,104.71,103.93,105.2,101.16,94.26,99.81,113.06,109.23,106.71,112.72,104.59,94.57,110.38,110.14,108.93,102.24,113.16,104.44,105.49,116.46,113.3,114.25,113.76,118.54,115.55,108.84,120.93,120.34,122.23,115.45,119.29,116.72,108.63,118.46,125.23,119.64,115.73,118.41,117.09,105.37,108.93,116.12,111.24,105.67,108.89,108.64,99.25,100.97,108.34,107.31,101.74,101.76,95.62,81.77,80.55,75.95,71.63,67.02,61.22,56.01,44.51,40.1,29.96,21.63,12.49,12.09,11.37,10.56,12,12.31,11.39,12.55,10.43,10.93,10.21,11.89,11.11,11.71,11.08,10.36,12.11,10.43,11.15,9.79,10.74,9.94,10.75,11.24
New Zealand,,country/region,walking,100,100.65,101.9,104.58,101.78,91.61,98.34,103.46,105.69,106.95,110.06,112.21,102.89,94.75,104.44,103.34,104.18,105.46,110.03,94.23,99.42,110.2,110.08,97.64,115.26,109.69,101.32,109.78,111.25,113.32,117.95,127.72,131.05,115.87,116.79,116.44,119.24,119.77,125.97,134.07,126.18,120.35,120.96,121.2,121.24,124.22,126.98,104.86,109.21,106.72,106.18,111.45,117.8,127.14,110.31,95.41,98.57,99.72,101.42,109,109.03,88.34,81.03,76.32,77.25,69.39,70.28,65.76,53.25,48.73,46.54,39.75,24.38,22.45,24.13,24.91,23.54,27.85,27.22,26.67,25.54,27.65,28.27,23.51,24.63,23.89,23.23,27.29,28.19,22.94,19.32,19.67,19.63,21.87,20.85,23.19
Norway,,country/region,driving,100,98.43,102.34,105.02,122.49,113.46,114.54,98.58,98.9,102.31,105.37,120.93,113.67,114.26,98.53,99.58,101.29,103.96,121.18,114.8,121.29,99.55,97.63,102.9,105.99,126.73,123.15,126.38,104.17,105.06,109.65,113.14,139.76,128.46,120.93,113.44,111.35,119.43,122.75,131.05,123.29,139.77,105.9,105.34,110.26,108.6,122.45,116.55,116.36,100.98,102.48,106.28,112.1,124.82,111.53,118.28,96.35,93.88,86.81,80.56,73.72,59.14,51.2,56.73,54.58,54.07,55.82,58.87,55.9,53.79,59.29,57.57,59.26,62.82,64.12,61.53,58.65,67.54,69.14,70.62,71.62,76.72,64.39,63.56,81.79,82.87,79.99,71.7,68.83,57.14,65.55,76.24,76.83,80.47,81.25,87.04
Norway,,country/region,transit,100,103.33,102.63,106.54,118.12,117.65,107.06,106.9,106.04,108.67,108.15,115.52,125.04,112.65,106.31,106.06,103.15,101.91,117.04,129.4,115.77,101.54,107.47,112.5,115.49,121.35,129,114.92,109.8,110.88,110.94,111.25,119.14,121.68,111.92,115.37,112.58,111.39,119.95,119.96,123,114.14,105.86,103.2,107.58,106.18,114.45,119.83,109.7,101.61,100.95,107.91,105.5,110.04,111.71,100.39,93.39,88.36,78.62,56.74,44.42,39.74,32.91,30.71,31.19,29.63,28.04,30.97,30.54,32.88,31.74,30.74,30.96,31.17,32.13,31.12,31.04,33.88,34.08,33.88,31.43,31.38,32.64,32.94,36.26,35.07,36.43,35.65,36.35,31.09,37.23,41.67,41.23,45.35,41.48,43.72
Norway,,country/region,walking,100,101.67,106.64,112.36,125,151.14,97.13,100.05,105.47,111.33,111.55,128.31,149.82,93.42,93.52,100.93,102.08,105.39,125.36,146.09,98.38,98.95,101.5,105.74,114.21,134.48,147.11,84.24,104.17,110.3,112.89,117,135.62,151,87.75,106.78,108.68,112.33,104.2,129.65,142.7,95.05,99.84,104.47,106.49,107.21,127.08,134.15,84.6,97.44,99.59,103.92,117.17,126.12,133.68,80.99,93.36,89.19,89.43,70.85,61.01,53.76,36.73,50.86,51.59,53.44,55.24,58.9,62.58,51.25,50.51,49.21,52.63,56.75,57.49,60.4,54.9,59.73,60.81,59.26,56.5,65.04,62.01,54.89,74.38,74.17,64.54,67.45,67.97,44.77,56.79,55.46,59.34,72.18,70.56,76.11
Philippines,,country/region,driving,100,100.24,103.21,103.05,118.16,106.21,102.14,96.36,99.39,98.52,107.16,133.99,112.1,102.12,92.9,91.66,91.15,90.35,102.45,95.24,86.73,83.64,82.17,81.29,87.72,107.52,96.73,88.15,83.01,84.3,84.8,90.36,114.94,100.02,91.69,86.92,88.97,86.9,90.84,108.61,102,93.46,95.18,86.95,83.34,84.11,105.69,94.34,85.29,78.76,78.13,77.74,82.83,102.67,93.65,80.64,71.25,67.78,60.2,53.63,63.58,48.06,36.39,35.76,30.72,26.86,23.55,21.6,20.26,19.89,19.51,18.94,18.71,18.52,18.06,17.67,17.98,17.56,17.71,17.1,17.45,17.31,17.06,19.37,19.05,20.37,18.2,17.37,18.34,18.02,19.83,19.55,20.04,19.37,19.94,19.23
Philippines,,country/region,transit,100,98.82,101.03,97.04,104.79,96.78,101.63,100.43,101.46,106.43,107.95,116.78,95.34,91.41,93.62,87.09,90.46,84.23,89.9,82.7,79.31,81.99,84.64,82.75,89.09,91.32,88.25,84.16,82.32,80.73,86.53,85.97,99.05,91.34,88.61,85.04,84.55,84.49,83.67,91.19,82.81,86.92,86.12,85.2,78.3,79.57,91.83,79.89,78.3,75.4,74.41,74.41,77.72,85.69,78.15,77.24,67.45,62.03,54.84,47.18,50.51,37.9,33.11,28.6,29.01,25.55,23.08,19.98,22.88,20.46,19.72,18.16,19.47,20.59,18.67,17.92,19.15,19.7,18.54,17.49,19.49,18.69,17.47,22.3,20.16,34.53,20.13,20.95,20.99,20.35,21.7,22.47,21.04,19.47,20.52,20.09
Philippines,,country/region,walking,100,105.29,110.42,113.7,126.92,117.15,115.68,112.73,116.09,118.54,126.51,156.07,131.56,116.85,108.88,108.25,108.9,106.76,112.81,106.03,98.37,93.63,92.65,91.46,93.74,112.94,103,93.6,89.2,92.04,91.49,98.33,126.68,110.69,95.59,93.09,96.74,92.38,97.79,108.2,102.15,97.81,94.48,88.54,86.74,88.01,106.72,97.38,85.61,82.84,81.11,83.5,86.4,102.51,87.42,81.13,73.01,66.03,64.8,56.67,53.41,43.03,37.48,47.09,47.76,41.32,35.21,31.85,31.04,27.38,26.77,25.16,26.74,24.79,25.66,23.84,25.53,23.1,21.88,21.93,21.6,23.04,20.77,25.51,24.65,29.2,22.79,21.3,22.28,21.03,22.53,22.32,22.14,21.67,22.49,22.08
Poland,,country/region,driving,100,101.09,103.79,108.02,122.96,110.25,97.99,102.17,101.87,103.91,106.6,120.92,109.57,97.06,102.26,101.66,105.25,107.4,121.13,110.21,98.24,104.68,104.75,107.42,110.14,127.72,123.46,106.91,107.18,105.5,107.51,112.8,136.51,126.18,111.76,110.33,109.42,112.25,113.5,127.95,115.87,103.59,104.7,106.9,104.46,107.81,122.21,104.55,99.16,101.58,101.5,101.92,104.6,119.81,102.53,96.15,96.24,93.93,88.81,77.49,69.31,50.63,42.34,45.09,45.27,46.22,44.21,43.4,35.54,33.92,39.98,41.65,36.15,37.32,39.82,36.7,31.42,36.85,37.38,36.33,35.78,36.6,29.51,30.2,37.44,39.56,41.94,43.48,40.34,25.88,19.78,26.98,40.16,42.75,43.04,45.54
Poland,,country/region,walking,100,98.98,106.14,108.21,125.44,127.23,94.38,103.25,102.27,98.73,105.54,127.56,122.84,86.68,101.08,97.71,93.92,103.17,130.87,132.36,94.84,107.99,102.45,105.21,107.15,132.31,138.24,101.55,103.19,104.69,106.34,120.41,153.65,151.64,111.39,123.96,120.41,122.87,128.8,137.91,141.61,89.85,108.53,115.05,110.24,114.95,143.57,139.04,101.95,104.14,105.4,102.14,113.93,139,140.02,104.38,101.3,98,89.47,76.19,65.38,37.67,33.35,33.27,35.77,38.98,33.37,31.39,24.7,22.38,27.59,28.43,24.24,25.21,29.12,31.9,20.97,23.61,24.37,22.57,23.09,23.16,20.6,19.37,25.1,27.25,27.56,28.93,27.81,19.76,16.22,15.9,23.52,25.91,27.57,29.85
Portugal,,country/region,driving,100,98.87,98.6,101.02,116.97,124.07,107.25,99.11,100.59,100.62,101.74,116.73,127.65,107.63,98.26,100.63,100.89,108.16,123.61,131.86,116.13,108.11,107.63,114.07,115.19,133.97,141.11,121.32,116.64,114,115.95,119.56,151.81,157.05,130.4,123.16,121.3,122.04,124.48,146.89,161,151.23,148.82,122.44,122.69,121.11,137.48,139.29,117.51,109.9,111.21,112.75,115.23,132.27,148.35,119.55,107.63,104.44,99.32,83.92,77.63,63.77,45.72,42.91,36.97,34.09,25.37,23.05,20.09,18.49,21.86,22.6,22.97,22.11,24.01,20.84,17.95,21.15,22.59,22.27,24.47,24.97,20.79,17.4,23.48,25.35,27.97,21.94,17.58,18.04,16.78,21.54,28.86,27.83,26.62,29.48
Portugal,,country/region,walking,100,93.44,93.92,96.73,126.34,139.72,109.99,103.41,103.45,101.53,107.45,125.57,146.54,107.71,99.39,102.94,105.28,100.36,130.61,151.97,123.14,123.49,119.75,120.97,127.68,158.25,166.27,125.03,127.67,126.03,124.72,135.21,182.23,195.54,140.03,148.49,145.88,146.13,144.58,174.88,196.41,166.78,184.18,140.22,140.09,143.13,172.03,174.27,125.13,130.3,125.47,131.21,139.83,167.22,180.98,132.29,133.65,130.08,120.96,103.62,99.85,86.58,51.54,40.36,28.43,23.06,15.8,11.92,11.63,11.29,12.41,12.67,13.38,12.5,13.18,12.34,11.15,10.58,12.08,11.47,15.8,15.92,13.43,10.21,13.82,15.6,15.33,13.57,12.9,13.38,12.23,13.77,14.95,14.4,13.26,15.25
"Korea, South",,country/region,driving,100,98.53,101.94,108.13,122.17,113.73,110.31,108.45,105.33,112.78,134.89,132.5,133.36,119.25,101.94,97.54,95.77,104.55,106.2,83.78,80.08,80.06,77.33,76.93,76.81,85.16,79.42,79.03,81.57,80.72,84.53,85.16,96.68,83.25,76.41,78.7,82.67,81.38,79.4,79.63,67.53,64.55,62.29,62.25,61.46,55.92,55.41,51.12,52.72,52.48,53.41,52.79,53.55,57.92,55.26,56.98,53.45,56.01,54.97,55.19,60.69,54.44,53.37,52.49,54.39,53.18,54.92,65.77,59.72,55.75,56.17,56.38,55.21,54.29,62.41,60.07,56.55,56.24,58.4,59.07,59.06,71.97,65.09,58.14,60.28,59.74,59.07,58.76,69.49,60.85,57.41,59.57,68.22,58.92,58.76,68.86
"Korea, South",,country/region,walking,100,101.26,104.37,109.61,128.68,124.37,113.47,108.11,104.4,100.02,102.91,103.55,112.88,105.85,100.29,103.57,99.09,109.83,110.04,87.13,78.41,79,74.19,69.37,72.17,83.12,80.64,77.53,80.29,76.27,81.82,84.33,94.45,78.61,67.55,75.78,79.84,79.71,75.08,71.52,62.77,57.99,51.5,54.24,50.56,41.83,40.67,38.09,39.13,37.82,37.45,35.81,39.03,39.29,40.01,43.69,35.61,39.77,39.24,43.04,43.48,39.21,37.78,37.25,39.14,37.37,39.5,49.45,45.47,43.47,41.14,42.81,40.62,39.1,45.8,44.31,42.05,41.88,43.68,42.13,44.39,50.92,43.89,43.4,40.23,41.09,41.29,44.61,51.64,42.6,41.57,42.92,54.34,43.37,39.07,50.73
Romania,,country/region,driving,100,98.15,98.69,99.2,107.51,98.25,93.67,96.71,95.43,95.58,103.59,105.27,96.56,97.4,92.93,91.87,91.41,94.44,100.48,95.8,94.46,92.1,92.72,93.78,89.84,100.86,94.28,93.56,93.72,96.11,98.29,101.33,116.74,105.11,105.2,100.8,99.18,102.38,105.7,115.4,103.33,102.36,96.28,94.67,95.03,93.6,104.1,91.31,89.29,89.36,92.22,92.5,92.41,104.37,95.31,87.57,84.96,82.48,77.04,68.92,64.27,48.99,46.41,48.01,46.57,45.23,43.4,44,35.68,32.11,31.61,31.88,25.69,25.83,25.29,21.3,22.94,28.56,28.38,28.29,28.66,28.21,23.8,25.33,29.72,30.76,31.29,31.13,31.44,24.93,26.6,32.88,34.35,35.52,34.22,28.5
Romania,,country/region,walking,100,101.42,100.81,101.64,114.16,102.93,80.24,102.39,102.24,104.13,106.73,108.96,105.66,85.52,102.78,104.89,101.12,103.97,113.05,119.15,96.56,107.98,99.25,90.75,96.8,108.95,99.35,86.62,104.43,104.31,106.83,121.23,137.89,122.75,105.19,123.52,126.8,116.39,122.2,133.69,119.34,103.76,118.97,125.1,123.46,109.2,126.74,111.68,95.27,114.12,114.45,113.32,109,128.67,125.95,78.91,99.57,94.06,87.21,80.52,71.55,45.56,35.94,41.74,39.11,36.59,35.93,33.95,27.63,21.29,23.77,23.53,19.33,18.82,19.95,17.15,16.95,19.45,20.67,22.36,24.42,22.75,17,17.66,23.19,23.85,24.49,23.7,23.68,21.07,19.68,24.16,26.18,26.96,26.04,23.88
Russia,,country/region,driving,100,101.13,102,103.86,111.2,107.34,102.74,102.88,105.62,106.04,106.18,114.4,107.62,104.16,105.06,106.76,105.36,107.26,114.67,107.35,103.63,103.43,105.31,107.4,108.56,113.51,105.89,102.91,105.67,108.03,109.87,112.41,124.25,113.37,107.96,107.44,111,112.54,117.7,132.56,119.17,98.03,110.32,107.76,109.73,112.49,118.32,110.44,104.5,103.4,108.29,109.96,116.65,130.31,119.01,101.35,113.87,108.58,109.8,107.6,114.46,108.95,100.08,101.1,103.54,100.43,100.26,106.16,93.22,90.74,93.79,94.91,94.43,95.15,102.53,76.99,65.35,59.68,54.1,47.14,46.17,49.35,45.98,47.82,53.17,57.15,57.54,59.5,62.77,55.68,55.92,59.94,61.43,59.61,58.43,60.45
Russia,,country/region,walking,100,103.91,102.6,105.07,114.14,112,97.02,104.61,104.74,105.48,103.19,112.4,110.04,99.34,105.72,107.23,107.95,105.88,113.54,109.15,95.75,103.36,106.3,105.84,104.71,104.39,104.28,96.26,106.63,109.49,112.52,116.65,128.39,121.28,105.52,111.89,118.29,119.69,127.32,136.11,124.75,99.97,102.01,110.01,110.99,113.25,120.28,116.52,104.35,108.18,109.66,114.53,117.97,124.12,128.22,112.37,111.55,114.92,114.62,115.19,115.3,113.78,91.12,97.95,98.73,93.53,93.77,93.74,82.56,76.79,84.84,86.66,90.48,88.23,87.26,65.51,53.22,46.03,40.93,36.45,36.55,39.47,38.13,36.69,42.56,48.01,46.66,48.55,49.91,44.62,43.06,49.81,46.97,46.52,45.2,47.28
Saudi Arabia,,country/region,driving,100,99.96,97.57,100.88,98.07,83.17,74.13,74.99,76.08,78.25,90.34,92.76,76.29,72.21,82.43,82.12,87.18,110.78,113.37,86.9,79.03,80.53,82.08,86.23,109.87,117.25,88.62,80.81,82.96,83.03,88.06,107.56,110.57,85.45,76.86,79.12,78.7,83.82,105.19,109.71,82.14,76.5,77.67,79.43,86.19,114.36,124.63,89.83,82.2,82.18,84.53,87.61,112.35,115.64,84.32,73.81,81.75,87.86,90.62,95.18,91.31,76.18,68.53,64.75,62.61,62.68,63.68,59.74,49.4,44.73,35.69,38.86,41.65,42.49,40.76,41.49,40.97,42,41.13,42.77,41.52,40.67,42.22,42.68,40.41,38.64,41.62,39.81,40.22,41.6,43.19,40.3,40.43,40.98,38.23,38.76
Saudi Arabia,,country/region,walking,100,98.89,95.7,97.9,95.85,85.63,76.35,80.04,78.2,78.56,87.54,89.36,77.5,73.48,83.61,82.07,86.34,102.32,106.94,88.3,81.7,81.35,81.53,82.88,101.32,110.23,92.78,82.59,84.58,85.17,88.39,101.21,102.07,84.86,77.54,79.96,76.02,83.26,98.51,101.85,81.05,74.89,76.1,79.83,82.42,109.9,117.13,92.4,84.1,82.57,82.65,82.96,104.87,107.1,83.46,74.9,85.73,88.09,87.08,90.06,90.87,75.64,69.54,66.75,66.14,65.63,65.29,63.19,53.92,49.86,44.36,46.01,48.52,51.02,49.64,49.35,47.97,52.41,48.56,50.36,47.96,48.54,49.61,49.92,47.56,49.96,63.08,51.94,49.24,48.47,52.25,49.08,47.09,50.34,47.45,45.69
Serbia,,country/region,driving,100,92.27,100.9,97.59,106.79,108.43,95.39,90.05,93.26,90.87,91.91,101.85,103.84,98.02,91.87,88.23,90.02,90.26,99.97,110.43,100.38,91.19,90.47,88.18,91.08,101.36,107.92,103.15,93.28,92.82,96.5,101.03,124.44,121,113.23,112.67,95.3,98.57,100.69,113.03,118.52,105.11,89.74,91.5,89.75,92.49,104.89,111.59,106.27,90.39,89.5,90.03,91.33,104.78,114.25,98.59,87.83,83.48,73.01,71.31,71.06,62.42,51.57,43.66,39,35.23,33.87,37.22,32.35,25.81,26.17,23.14,23.38,25.31,26.92,27.23,22.52,28.36,29.01,28.98,27.62,30.62,21.55,22.06,30.2,29.53,29.47,32.63,31.3,20.49,23.29,35.13,33.78,33.71,33.84,28.38
Serbia,,country/region,walking,100,90.46,93.49,96.7,108.13,113.43,79.56,91.82,96.72,100.02,102.75,114.24,117.3,96.79,99.6,98.62,98.94,104.62,113.15,128.07,102,104.57,95.38,88.06,94.35,111.1,113.83,91.38,94.44,92.15,101.14,104.88,125.65,119.63,99.16,97.27,98.22,109.34,110.2,114.46,116.93,87.45,101.41,101.01,93.47,93.43,107.63,142.25,99.91,105.54,91.65,99.45,106.81,113.19,118.53,78.41,101.65,92.06,86.79,84.66,78.15,63.84,44.41,38.01,38.14,32.62,31.61,30.14,29.96,21.39,22.58,19.78,17.85,19.13,23.96,25.08,22.16,23.5,25.72,24.38,27.68,27.92,21.41,18.6,27.37,27.79,23.41,27.9,26.71,18.73,20.99,31.9,25.48,36.89,30.93,27.15
Singapore,,country/region,driving,100,101.95,103.48,112.19,124.68,107.62,100.58,104.77,104.16,103.24,97.99,82.12,84.87,85.04,80.35,77.74,79.51,84.99,98.58,89.63,84.3,84.9,87.91,86.66,90.06,96.27,78.64,75.57,77.83,78.98,79.82,84.98,93.03,77.05,73,77.12,77.77,79.39,83.23,92.76,81.13,76.11,78.15,79.54,81.05,83.14,93.76,82.91,77.65,79.17,79.24,81.32,85.11,94.99,81.06,77.08,77.37,79.71,78.92,79.9,90.07,78.2,75.54,73.21,78.27,76.03,76.03,82.4,68.64,63.64,65.53,64.92,65.26,66.16,69.19,59,60.63,62.49,63.1,62.37,63.77,67.51,60.4,67.85,57.88,41.53,38.14,35.87,37.66,34.53,37.34,36.6,37.98,36.77,38.99,40.78
Singapore,,country/region,transit,100,98.45,96.46,105.04,120.4,107.33,93.66,92.37,92.08,91.49,93.31,77.19,77.7,80.27,77.87,73.42,69.6,76.26,90.92,79.48,73.83,77.39,79.2,75.15,76.62,82.71,68.72,62.02,65.32,66.01,67.32,71.54,79.96,67.16,62.47,64.09,65.28,65.97,69.44,79.72,71.6,64.17,64.06,65.47,70.42,71.92,81.48,72.34,67.37,68.05,69.37,69.48,73.18,81.88,71.49,65.74,66.03,68.47,68.05,68.33,79.59,68.72,67.93,65.47,66.84,65.88,65.29,68.99,57.98,51.17,51.62,50.2,48.44,48.45,49.52,41.9,43.9,43.79,45.57,44.39,42.86,42.04,38.73,39.92,31.11,20.82,18.3,15.71,15.42,14.46,15.79,13.99,14.16,12.77,13.18,13.93
Singapore,,country/region,walking,100,104.42,104.79,110.5,133.23,122.37,100.68,98.06,101.62,103.46,104.9,97.21,98.59,94.88,85.01,78.54,72.46,81.35,97.23,92.56,76.7,76.38,80.69,80.86,83.76,96.94,84.66,67.46,65.72,63.56,68.26,73.74,89.89,78.75,64.12,66.4,66.27,69.15,69.64,84.98,78.55,63.35,63.19,66.4,68.18,69.5,85.62,79.27,65.92,65.31,65.96,68.43,69.33,84.43,75.32,62.08,62.11,64.7,63.38,64.32,79.65,71.84,61.54,57.76,61.79,59.05,60.35,70.86,59.69,47.5,45.79,47.03,48.46,47.28,54.72,50,45.79,43.32,47.08,45.28,44.38,52.39,52.34,51.39,42.6,32.36,30.95,34.31,34.88,36.09,32.33,27.87,27.23,25.82,28.2,30
Slovakia,,country/region,driving,100,101.89,100.42,100.04,109.34,98.69,94.91,95.38,99.44,101.42,102.73,119.31,99.99,96.78,98.29,101.22,100.6,101.16,113.27,96.94,101.62,103.84,104.3,100.71,106.38,117.68,108.21,105.76,100.43,104.5,110.66,110.58,127.24,119.69,112.7,104.5,107.99,111.44,112.03,122.63,107.5,106.68,103.01,105.1,106.02,105.13,112.45,90.88,92.63,98.39,101.52,106.83,107.18,111,91.05,90.48,86.81,83.1,77.78,70.13,58.52,43.65,42.59,42.59,45.02,46.27,48.54,49.77,36,39.63,43.75,46.58,47.58,51.2,56.31,53.08,50.72,52.41,55.05,57.23,58.71,59.76,52.44,59.09,63.27,74.45,43.78,38.23,30.44,31.24,34.41,39.93,68.71,71.72,73.24,74.63
Slovakia,,country/region,transit,100,90.14,96.37,93.12,97.58,96.28,93.21,92.37,85.49,96.56,94.79,109.21,106.7,103.53,91.07,92,96.19,98.33,107.07,96.93,103.91,102.05,94.88,101.49,103.35,106.51,106.05,102.79,105.02,97.95,101.58,94.6,111.91,110.33,102.23,117.77,114.14,109.86,105.77,112.47,97.3,112.47,95.72,109.49,100.74,101.49,106.05,83.63,84.37,100.19,96.74,92.28,92.28,94.6,87.81,81.4,70.51,63.44,55.63,57.49,36.65,32.65,35.26,30.98,34.33,30.14,36.93,34.05,29.86,28.84,28.56,25.12,32.37,34.33,36.28,35.35,35.53,32.93,32.09,33.77,34.33,32.84,35.07,46.14,39.07,40.19,33.4,45.12,36.74,38.6,42.14,36.84,38.79,48.47,45.58,48.56
Slovakia,,country/region,walking,100,102.64,106.86,112.4,126.02,108.33,81.93,100.87,105.31,106.9,114.22,129.07,119.17,86.21,103.51,104.72,109.13,117.4,131.52,128.93,97.41,110.68,106.01,107.9,121.28,141.41,127.89,101.67,114.12,124.69,128.57,139.86,151.25,139.13,110.51,126.22,133.59,124.98,131.81,146.91,132.93,98.54,127.29,139.5,131.45,121.57,123.41,117.47,80.57,106.76,109.65,112.74,119.48,128.21,126.12,92.87,97.45,90.46,80.59,88.23,53.74,42.43,41.43,39.54,41.99,43.83,52.32,49.75,24.62,31.72,35.84,38.65,36.25,44,53.45,54.49,47.23,41.94,42.6,49.26,52.99,54.2,55.42,61.54,58.15,66.32,46.74,53.04,51.92,55.7,62.13,43.67,50.89,66.83,73.05,69.96
Slovenia,,country/region,driving,100,100.53,102.17,102.85,111.81,103.15,97.65,104.15,101.68,103.34,110.77,121.38,106.5,96.59,94.91,94.7,100.79,99.88,119.45,110.01,99.68,98.7,95.61,104.38,102.34,122.09,115.24,107.58,108.3,112.47,110.07,132.85,186.34,138.04,119.17,106.58,106.6,109.79,116.48,128.85,120.33,120.12,108.21,102.38,101.07,104.61,114.17,102.13,93.93,93.68,97.15,102.24,100.33,109.3,101.14,98.54,88.86,87.04,85.92,68.77,61.01,42.95,38.98,37.13,36.35,37.31,37.72,37.81,28.86,29.99,30.39,31.83,29.42,29.82,32.57,30.45,29.14,27.37,29.48,31.26,29.51,32.16,24.76,28.35,33.66,35.57,36.68,38.77,35.73,24.74,26.31,32.02,33.42,38.77,41.61,44.21
Slovenia,,country/region,walking,100,101.13,108.83,109.16,123.46,93.36,79.9,104.49,106.42,114.89,119.26,131.81,110.58,72.71,98.8,96.97,120.54,115.14,119.96,117.62,95.04,123.53,106.46,125.28,126.52,131.38,119.55,89.93,116.71,129.22,122.18,170.56,362.5,193.21,115.65,129.77,127.33,127.69,125.9,143.45,130.5,107.11,139.37,137.61,103.76,120.36,139.51,117.95,76.91,106.71,104.74,119.04,119.45,131.92,123.46,95,102.59,94.02,104.34,82.63,53.41,45.35,53.41,51.44,48.85,50.13,51.55,46.15,35.13,31.23,29.95,33.97,29.3,29.95,34.99,37.32,31.48,28.86,32.65,36.08,42.14,42.36,39.33,50.71,48.3,50.35,53.96,52.68,51.73,42.28,60.93,58.01,34.8,54.21,59.47,61.44
South Africa,,country/region,driving,100,103.33,102.27,101.82,106.8,89.31,84.96,101.47,105.95,104.83,109.54,120.31,106.57,94.5,107.1,109.67,113.23,117.6,136.04,115.99,106.83,114.67,114.47,114.24,118.54,129.46,104.16,99.9,108.61,113.22,114.45,118.92,139.69,110.5,99.72,106.35,108.74,112.9,113.82,129.7,101.39,92.75,103.24,108.55,113.39,119.81,150.31,122.95,104.57,105.13,108.79,110.74,115.87,135.35,116.99,95.31,99.33,105.24,106.1,104.77,125.37,105.36,82.58,80.35,80.59,78.03,77.22,84.49,65.56,51.97,59.26,66.18,75.8,64.77,11.08,9.82,10.91,14.12,15.45,15.95,16.43,17.28,13.46,13.16,17.04,17.49,17.91,18.73,15.98,16.12,13.3,15.87,19.67,21.39,21.44,21.79
South Africa,,country/region,walking,100,103.14,101.11,99.47,99.37,84.44,72.98,96.72,104,104.22,109.55,118.63,108.02,91.74,113.52,119.46,116.29,114.71,135.03,124.96,113.31,135.56,127.67,123.13,126.37,136.18,111.29,94.03,111.48,111.66,118.01,119.67,141.6,115.82,91.94,107.37,108.75,108.48,110.02,123.2,106.95,82.9,101.45,103.18,109.1,113.27,131.37,127.51,90.69,102.51,103.37,106.7,113.13,124.67,116.86,81.2,96.18,96.21,93.05,95.97,111.59,101.52,71.64,77.88,78.52,73.42,72.32,74.19,58.65,43.92,52.11,55.39,60.8,54.67,13.82,14.3,14.38,15.77,17.11,18.7,20.41,19.08,15.69,15.5,18.19,19.34,20.52,21.26,19.45,20.05,16.42,18.05,21.41,24.9,21.67,23.58
Spain,,country/region,driving,100,101.06,103.08,107.43,124.86,123.89,101.5,101.95,102.93,106.88,112.59,127.44,127.66,111.82,105.04,106.33,107.78,112.33,132.37,135.93,120.04,107.89,109.43,110.11,114.99,136.32,139.46,119.97,109.85,111.59,114.33,122.29,150.55,151.96,130.41,114.74,118.75,121.59,126.22,150.25,150.06,131.06,122.17,118.88,119.43,131.03,149.81,145.53,124.66,111.16,110.44,113.99,120.11,140.06,142.84,118.78,102.18,98.95,94.52,80.37,71.42,40.29,23.67,22.6,20.05,18.95,16.94,17.59,12.09,10.93,16.88,16.58,16.26,16.55,16.61,11.9,11.5,15.04,15.06,15.23,15.37,15.54,11.85,11.31,16.55,17.53,17.96,14.04,12.48,13.55,12.69,18.16,20.75,20.82,21.06,20.86
Spain,,country/region,transit,100,98.32,101.88,106.29,120.34,112.86,94.58,103.87,102,106.9,113.27,122.48,117.48,100.02,103.94,106.38,107.91,111.9,126.45,123.1,103.18,107.08,106.72,110.11,114.79,130.29,120.69,100.58,105.11,105.33,109.87,116.83,135.77,126.58,116.03,129.21,137.13,136.61,143.03,157.63,153.86,129.1,130.22,125.4,131.87,144.73,160.26,148.3,133.9,129.45,128.39,134.24,141.99,160.56,155.51,128.11,117.27,105.2,96.82,68.61,47.29,25.78,16.11,12.85,10.69,10.04,9.26,9.06,7.76,8.05,8.69,8.69,8.23,8.29,8.01,7.16,7.79,8.15,8.36,7.89,8.17,7.33,7.04,7.58,8.47,8.72,8.75,8.11,7.61,7.73,8.25,9.76,9.41,9.57,9.44,9.32
Spain,,country/region,walking,100,98.35,100.8,107.91,134.63,143.26,94.59,91.8,88.99,100.26,112.84,135.73,150.12,108.39,105.71,108.1,109.17,114.23,144.92,167.1,116.06,113.25,114.17,113.67,120.27,147.92,166.35,112.38,113.58,113.22,118.13,131.71,172.16,192.6,133.31,125.89,129.57,131.74,138.1,165.75,191.28,134.83,130.32,121.11,123.93,136.99,170.82,183.15,125.56,112.98,114.03,120.37,130.01,157.84,178.42,123.06,108.59,104.81,100.74,82.83,66.09,34.15,14.33,11.45,10.66,10.12,9.07,9.82,7.17,5.82,8.91,8.83,8.75,8.72,8.95,7.04,6.27,8.51,8.67,8.67,8.99,9.52,7.42,6.3,9.58,10.2,10.85,8.21,6.99,8.26,6.67,9.63,11.28,11.11,11.54,11.98
Sweden,,country/region,driving,100,100.72,103.7,107.45,111.72,119.02,118.63,103.59,105.71,108.07,108.98,120.11,129.88,120.86,105.32,106.1,108.5,110.73,119.31,128.96,124.8,105.05,106.17,110.49,111.58,121.04,131.85,127.06,106.17,109.44,112.45,115.86,127.85,139.42,131.24,108.78,110.86,116.62,119.94,127.9,140.44,135.95,109.91,113.16,114.81,119.45,124.7,134.96,131.01,106.66,107.93,110.3,113.25,120.88,128.48,124.21,103.79,103.06,101.18,92.71,94.36,95.97,92.1,79.3,77.96,78.77,83.49,84.37,89.08,87.35,76.7,78.65,84.11,87.32,90.68,91.84,88.57,80.65,83.41,84.88,84.57,87.5,86.9,90.01,95.39,96.31,102.94,104.48,90.58,79.24,84.58,94.74,91.83,93.95,94.94,100.77
Sweden,,country/region,transit,100,98.91,100.67,102.31,102.76,110.37,111.8,107.03,104.25,106.43,104.09,113.28,121.42,112.38,107.42,107.58,104.87,103.88,109.59,115.41,114.12,108.11,108.69,110.05,109.82,120.22,121.26,112.38,108.16,108.44,107.11,106.42,112.57,118.27,112.72,109.38,111.73,111.12,108.83,112.67,114.66,109.64,103.29,103.16,104.21,104.68,106.51,110.13,102.42,101.12,99.71,98.62,101,108.83,112.09,102.58,97.69,93.21,86.39,76.67,74.84,71.74,68.12,61.39,56.91,55.25,55.6,56.92,59.23,55.55,53.38,53.34,53.46,53.25,54.25,55.07,57.56,53.14,53.02,54.34,51.15,51.85,53.24,55.66,59.93,60.7,58.55,59.83,55.36,48.85,53.02,58.53,60.46,60.02,58.48,59.88
Sweden,,country/region,walking,100,100.6,109.04,107.33,121.86,123.88,104.39,111.64,115.29,115.5,110.32,134.48,146.44,97.47,105.08,107.55,112.9,112.2,129.59,139.5,102.43,107.74,108.88,116.1,114.32,126.58,132.69,86.77,100.79,109.4,109.93,113.56,138.59,133.07,85.68,103.01,109.35,116.71,110.84,129.4,117.79,93.14,102.01,103.6,106.05,107.1,123.34,125.17,87.04,102.28,103.52,103.18,107.31,130.14,135.61,91.56,101.54,100.22,97.13,77.25,85.86,89.72,60.48,67.77,63.3,61.53,70.13,69.54,74.99,64.46,62.42,65.43,70.06,72.9,79.15,76.63,64.29,61.77,68.61,70.51,62.42,68.73,74.44,70.93,83.89,77.63,82.36,78.78,70.35,61.91,56.47,62.45,71.63,79.32,77.12,82.08
Switzerland,,country/region,driving,100,102.35,108.16,106.47,119.06,112.18,107.38,103.55,105.97,109.5,107.2,120.2,118.59,108.43,100.31,102.79,108.48,110.11,122.29,115.4,102.66,101.26,102.5,108.49,108.21,124.6,125.47,112.56,103.05,104.92,108.31,110.1,129.38,137.92,112.08,108.35,107.76,108.75,111.07,127.62,136.17,108.61,106.53,106.25,107.91,106.6,114.6,114.48,101.36,96.21,98.2,102.72,102.4,111.37,108.9,106.95,95.1,95.25,97.44,86.01,84.32,74.03,70.65,67.59,59.59,57.32,55.1,51.83,40.3,38.61,48.87,50.18,50.97,51.57,55.34,52.01,42.65,50.7,56.12,56.89,58.03,59.52,54.62,56.98,60.38,64.19,66.9,64.73,58.77,59.63,51.83,62.12,66.63,70.18,71.22,72.89
Switzerland,,country/region,transit,100,102.26,106.79,100.41,105.77,102.94,98.62,103.98,105.3,109.24,104.2,105.31,103.38,94.37,100.71,101.82,106.52,102.47,106.68,101.75,98.59,102.59,106.37,108.07,104.77,106.86,103.3,96.86,103.62,104.72,105.8,104.18,105.83,103.01,101.62,113.43,113.32,111.45,107.04,111.03,109.41,97.7,106.3,105.79,108.14,108.12,104.49,98.68,90.97,96.6,96.76,99.5,97.85,100.1,95.23,87.16,90.4,88.38,84.67,73.36,63.2,56.69,47.61,41.84,33.84,32.12,29.17,26.17,22.24,22.54,24.29,24.12,24.08,23.91,24.44,25.05,22.39,23.59,26.86,26.63,26.33,27.05,25.8,27.86,27.57,28.91,30.46,28.46,29.91,29.12,28.31,31.32,32.24,34.04,33.46,35.43
Switzerland,,country/region,walking,100,107.83,116.33,115.19,121.72,123.94,85.59,105.55,115.59,119.13,112.6,120.96,127.16,82.82,101.24,100.81,109.78,112,128.14,128.94,80.23,100.05,102.63,110.77,110.69,127.55,131.54,90.65,97.11,103.63,109.24,109.24,128.9,136.98,95.29,105.7,114.05,112,119.18,129.7,142.04,92.9,114.85,108.11,107.05,107.66,124.55,119.52,89.31,89.8,100.73,104.97,95.92,111.56,123.3,87.32,90.24,89.77,101,90,88.42,79.34,70.87,65.25,55.6,57.14,54.05,49.97,41.14,34.36,43.81,45.97,45.61,45.53,53.59,57.67,33.78,41.09,51.1,53.27,54.62,60.12,61.01,62.48,59.32,63.28,67.22,66.23,68,68.16,60.67,64.43,59.93,67.13,68.44,72.89
Taiwan*,,country/region,driving,100,106.97,113.81,118.64,136.4,135.78,120.37,121.19,123.02,124.95,101.34,122.06,141.94,166.3,173.54,143.52,117.52,113.53,123.3,126.65,114.15,102.95,104.08,107.82,109.21,123.96,132,120.3,109.74,111.48,113.56,114.57,133.29,135.71,109.23,105.89,109.03,111.44,114.37,136.57,137.99,122.26,99.29,90.66,102.39,150.75,162.67,156.81,118.04,97.22,97.47,95.85,102.3,132.44,142.1,113.94,97.36,100.62,101.12,100.7,120.24,136.85,113.09,98.54,94.7,89.88,93.2,124.83,128.51,105.1,91.47,91.74,92.18,95.48,109.76,116.77,101.59,89.92,94.79,118.3,124.58,115.7,116.05,93.62,82.97,86.1,84.81,82.44,101.71,93.5,84.59,78.67,79.4,80.85,86.4,111.72
Taiwan*,,country/region,transit,100,107.64,119.93,124.1,135.24,130.25,120.85,119.26,113.83,101.2,76.72,79.13,85.78,94.16,100.05,93.07,97.97,102.51,103.51,100.96,104.38,98.81,101.76,104.46,104.57,109.45,100.2,104.21,102.07,104.9,107.92,109.11,106.55,105.55,95.1,99.95,104.57,101.05,102.3,110.32,100.03,98.5,84.49,76.64,83.57,104,102.34,95.89,79.84,75,74.34,74.13,77.63,104.58,101.24,79.21,69.69,74.16,70.51,75.81,94.7,96.71,74.6,66.51,64.4,59.86,62.26,84.3,78.51,63.32,57.97,58.1,58.05,60.13,70.19,68.55,59.83,55.2,58.1,68.93,66.68,59.67,58.4,56.26,52.82,53.1,52.5,51.98,65.84,55.66,48.48,46.82,50.3,50.39,56.58,73.77
Taiwan*,,country/region,walking,100,107.89,118.61,119.74,136.24,138.79,121.14,123.47,120.93,115.06,87.37,84.66,97.08,112.24,124.33,108.2,105.23,110.54,115.08,115.88,107.37,100.38,105.02,112.64,114.99,122.11,123.25,114.43,109.3,113.43,115.6,116.86,128.73,126.31,99.66,104.17,108.98,110.79,111.2,124.68,122.71,108.79,92.1,85.5,92.59,124.14,139.47,126.93,93.01,85.43,85.03,84.92,94.73,130.09,134.43,100.58,85.46,94.2,93.59,96.16,121.92,136.7,103.88,91.48,89.54,83.85,86.68,120.3,120.69,92.74,84.03,84.57,85.75,87.8,103.7,110.03,90.55,80.3,84.86,103.8,113.22,100.51,97.31,82.72,75,79.77,78.15,76.98,97.62,88.81,74.38,68.74,71.72,72.99,77.13,104.38
Thailand,,country/region,driving,100,100.25,106.9,106.81,141.87,143.83,118.67,100.95,97.65,98.01,103.47,146.05,146.28,119,98.11,97.32,96.72,100.38,133.01,133.95,111.02,93.53,93.49,97.06,105.41,168.52,150,127.41,107.4,93.27,93.96,101.64,143.78,132.17,106.38,90.95,89.7,91.05,97.43,130.94,132.85,103.78,89.83,89.39,88.22,90.91,127.98,121.03,98.25,86.08,84.61,87.86,97.04,125.92,117.51,96.72,82.55,81.97,81.09,80.51,103.99,98.2,79.89,69.42,68.51,67.41,67.51,76.95,70.01,57.61,50.96,51.8,47.93,39.22,40.34,38,38.91,39.1,39.95,38.74,39.21,39.47,37.32,35.85,36.68,36.23,36.81,37.29,39.11,36.79,35.36,35.08,35.84,36.73,37.6,39.82
Thailand,,country/region,walking,100,100.01,107,107.51,124.83,128.79,113.07,106,102.35,105,105.35,124.57,129.1,108.86,101.22,99.47,96.3,96.04,110.42,113.03,92.75,87.8,86.38,87.63,93.32,114.17,115.06,101.57,87.08,83.93,83.1,88.75,109.71,106.33,87.59,81.69,80.36,81.89,85.02,100.43,101.57,84.46,79.06,77.06,74.6,76.91,92.37,90.82,77,72.83,72.51,71.74,75.31,88.52,85.64,72.36,67.72,64.95,62.91,61.64,67.46,63.64,52.86,48.11,46.84,43.73,42.29,43.3,38.22,31.51,28.22,27.43,25.58,22.88,23.22,21.91,22.17,22.88,22.73,22.39,22.57,22.32,21.9,20.76,21.92,22.15,21.85,22.26,25.96,22.47,21.38,21.36,23.09,21.91,23.03,22.91
Turkey,,country/region,driving,100,103.22,106.28,109.51,139.77,144.21,126.23,113.38,115.78,121.64,121.24,137.22,147.12,139.6,117.38,120.16,125.39,122.1,133.87,142.13,139.13,102.1,106.42,112.39,106.91,118.36,117.66,113.05,101.9,103.9,105.73,111.09,132.79,134.93,127.12,106.28,108.41,109.91,120.13,128.97,140.83,130.08,104.83,108.22,110.9,108.88,118.39,128.76,130.15,104.12,108.92,109.93,114.39,131.88,155.73,144.8,108.78,108.6,106.5,108.97,125.45,126.89,104.01,84.62,74.75,65.02,57.37,58.37,52.37,46.65,47.92,45.92,46.35,46.97,49.46,45.67,39.56,48.6,47.48,45.59,42.85,47.09,33.08,29.09,36.48,35.2,37.06,37.57,38.86,15.04,19.54,43.99,41.94,40.95,45.06,44.15
Turkey,,country/region,walking,100,100.97,104.45,105.61,133.4,141.4,100.15,98.86,105.99,116.43,109.98,122.95,137.8,113.11,116.57,115.92,119.46,110.74,126.5,136.48,115.89,102.28,106.53,97.02,93.83,110.49,113.95,98.59,102.85,104.58,107.21,116.8,140.46,143.77,117.01,111.37,113.16,113.32,107.45,126.14,153.57,127.44,109.87,113.45,115.04,105.49,120.33,131.5,124.52,110.83,114.36,113.61,110.01,138.62,181.98,140.56,110.32,101.46,108.5,106.58,108.1,108.73,71.23,66.55,54.64,45.19,40.21,40.3,34.76,28.11,34.07,31.73,31.79,32.46,31.78,26.33,22.13,31.91,30.05,30.81,28.95,31.58,26.13,21.94,30.15,29.97,30.21,31.35,32.49,14.58,15.69,36.97,34.1,32.68,36.88,35.99
United Kingdom,,country/region,driving,100,104.86,106.4,104.28,109.27,108.3,94.3,103.22,107.88,108.79,106.41,113.54,111.13,95.33,101.81,105.64,106.97,105.43,114.55,112.34,96.88,100.79,106.62,107.82,107.32,114.77,111.59,95.17,108.75,108.02,108.95,109.78,119.65,109.55,101.42,118.6,119.26,121.56,118.33,127.35,115.64,101.34,108.75,108.16,109.74,109.6,122.59,115.93,100.48,104.64,108.34,109.59,109.18,118.61,115.05,97.9,101.47,102.73,102.32,94.18,99.62,94.11,76.22,79.05,69.91,66.55,67.07,68.81,56.73,46.81,52.26,38.31,36.16,35.19,36.93,29.6,24.72,32.8,34.38,34.1,34.25,37.6,31.53,27.02,34.74,36.06,36.67,38.05,34.4,31.74,24.46,29.72,38.71,40.02,40.08,41.72
United Kingdom,,country/region,transit,100,104.2,105.37,103.89,109.38,115.05,99.52,103.88,108,110.91,108.37,115.49,118.64,100.95,103.81,105.67,109.06,108.51,118.03,119.31,105.44,104.05,106.8,109.37,108.48,116.15,122.06,100.52,106.76,107.86,110.08,107.83,117.79,119,109.71,119.36,118.76,121.93,118.81,126.56,126.9,105.46,107.92,108.13,108.85,108.32,118.5,118.75,103.74,103.96,105.51,106.1,105.14,114.68,118.05,97.76,99,99.54,95.28,86.55,88.77,88.31,67.17,61.47,49.57,43.41,41.52,37.97,30.08,28.1,27.42,19.49,17.87,16.97,16.56,15.38,15.34,16.85,16.4,16,15.91,15.53,14.41,14.81,15.8,15.57,15.59,15.45,14.92,14.17,13.5,15.29,16.35,16.64,16.26,15.65
United Kingdom,,country/region,walking,100,106.14,114.37,112.59,128.99,157.81,101.98,109.43,118.46,122.92,122.03,139.4,165.49,97.84,104.79,113.53,122.36,119.75,143.62,169.08,103.22,106.76,115.85,124.21,123.83,142.03,169.55,79.14,101.55,111.72,122.43,120.97,153.72,152.82,98.69,128.1,130.01,136.18,131.67,152.89,169.46,101.08,104.26,115.57,121.26,119.74,138.49,162.75,105.44,107.54,114.84,116.67,110.07,144.51,172.59,101.39,100.87,108.28,111.71,102.65,117.26,132.4,73.47,75.75,62.55,56.11,54.04,58.17,52.54,42.16,45.89,37.23,38.72,38.3,40.83,37.43,29.62,34.55,38.69,38.16,38.45,42.67,42.78,36.77,37.16,41.7,41.69,43.55,45.19,44.4,34.94,37.14,45.4,48.31,46.97,44.36
US,,country/region,driving,100,102.97,105.19,108.48,125.51,115.04,90.91,102.57,103.07,103.01,107.9,124.7,120.92,87.32,97.97,101.54,102.2,107.61,126.08,122.32,85.25,98.86,101.99,101.77,107.72,124.07,122.87,91.58,102.93,106.75,109.02,118.36,145.4,132.51,102.27,110.78,109.46,110.85,114.86,135.85,134.35,99.48,106.23,110.27,112.36,118.85,139.8,138.41,101.04,107.73,112.98,113.05,119.74,139.98,137.37,101.64,109.65,111.34,110.97,108.49,117.01,102.87,76.16,84.09,77.04,72.84,70.21,74.33,62.31,46.45,55.73,55.52,55.24,56.81,62.22,52.56,42.96,53.53,53.98,55.49,55.64,60.61,52.22,42.19,53.73,55.27,56.21,56.9,63.87,57.51,37.42,54.98,59.3,63.03,64.11,70.71
US,,country/region,transit,100,97.77,98.84,99.04,108.03,97.41,85.4,92.39,100.27,101.06,103.29,113.06,101.88,81.35,97.56,97.08,97.49,100.72,110.99,103.42,80.2,96.48,97.63,98.26,101.15,110.91,107.27,84.2,98.3,100.64,102.08,106.67,119.06,107.77,91.63,101.73,104.64,105.16,106.16,117.14,110.65,87.27,99.21,100.12,100.52,102.98,116.02,109.92,85.31,98.06,100.26,101.5,103.53,111.5,107.32,84.23,97.1,92.48,89.97,79.08,76.78,64.59,49.93,50.79,43.58,39.63,36.76,35.8,29.31,24.84,28.17,27.91,26.94,27.09,28.07,23.83,22.39,26.51,25.47,25.24,24.67,25.04,22.42,20.92,24.71,24.65,24.51,23.69,24.31,22.65,19.06,23.67,24.44,24.23,24.06,24.89
US,,country/region,walking,100,99.59,101.87,100.6,121.36,132.38,100.1,94.79,94.84,97.04,100.83,126.67,139.61,89.9,91.94,93.97,94.44,99.96,125.02,140.8,88.42,92.42,93.82,94.52,97.6,122.23,142.94,92.83,91.94,96.13,99.84,108.3,147.82,158.55,116.26,107.52,100.23,103.21,106.25,136.41,162.45,106.11,99.34,103.03,101.84,107.83,136.34,155.82,102.29,99.2,104.76,104.61,111.67,133.94,155.7,107.77,105.33,103.06,102.34,96.43,105.88,105.24,69.72,69.43,64.05,59.26,56.3,59.59,52.26,39.71,44.31,46.34,46.04,48.25,51.95,44.42,38.29,45.36,45.06,47.41,47.1,50.2,45.77,38.89,46.94,48.7,48.77,46.28,51.97,50.69,34.2,44.06,48.68,50.37,50.64,54.85
Ukraine,,country/region,driving,100,104.63,110.48,106.39,111.8,95.55,94.31,102.26,107.91,108.29,106.03,110.47,98.07,95.04,103.26,106.53,105.46,102.67,114.02,95.95,96.06,103.67,111.17,102.51,101.51,108.61,98.27,96.45,104.5,111.6,114.06,115.46,130.95,108.1,105.35,108.7,113.54,116.4,114.54,121.01,106.91,103.98,107.55,112.16,113.88,114.67,123.43,104.01,97.97,107.47,113.7,112.97,118.39,130.33,108.19,94.1,107.63,111.75,117.72,112.55,110.81,86.44,81.77,91.14,92.99,82.7,78.13,77.21,60.22,55.34,63.26,63.45,64.72,68.26,71.84,59.49,61.03,59.44,59.29,59.66,60.86,62.71,54.31,59.03,58.51,64.05,61.8,64.3,64.78,54.75,57.59,64.68,65.56,66.23,68.98,70.43
Ukraine,,country/region,walking,100,100.93,107.14,99.31,104.36,90.34,82.38,100.13,105.22,98.49,101.26,110.18,103.79,89.19,103.64,104.42,97.56,101.68,104.36,103.08,89.55,102.65,102.65,96.44,99.15,98.72,96.17,89.52,104.29,109.65,110.52,116.99,133.1,115.13,100.66,112.72,117.5,119.22,117.24,118.93,119,89.97,100.16,112.76,110.48,109.24,120.46,111.58,93.4,100.66,117.61,115.22,119.64,123.35,116.4,102.37,93.22,114.1,105.51,117.29,106.53,78.91,65.03,80.62,75.4,67.77,66.52,63.78,48.24,39.99,45.87,47.01,50.16,52.58,53.66,51.41,50.97,44.44,43.23,43.38,47.8,49.07,43.62,45.55,46.95,49.64,50.22,51.23,49.21,43.49,43.96,50.87,47.76,45.88,47.12,49.07
United Arab Emirates,,country/region,driving,100,102.23,99.74,110.59,116.91,106.6,97.66,98.69,97.72,101.27,112.92,116.76,111.29,102.84,101.32,103.87,99.71,112.27,115.3,108.99,100.02,101.2,98.98,104.9,117.21,123.8,108.76,101.18,101.68,103.02,105.41,118.86,122.43,114.35,107.47,107.09,107.74,110.16,124.39,122.5,109.61,102.9,101.68,99.74,103.81,109.68,110.64,100.67,94.02,90.96,89.6,91.01,103.03,104.73,98.91,92.04,90.3,91.39,87.64,85.43,82.88,71.44,71.41,66.4,63.25,58.5,58.9,56.01,55.18,48.19,42.8,46.04,46.16,40.04,32.91,35.17,38.59,40.23,40.25,41.04,39.5,37.06,40.23,37.86,37.87,37.59,39.17,37.21,39.73,42.36,44.16,42.93,42.46,40.74,41.26,39.71
United Arab Emirates,,country/region,walking,100,102.29,93.86,108.43,113.32,104.46,94.93,95.39,93.25,95.57,104.79,105.5,106.04,99.18,101.14,98.25,96.29,102.68,107.64,104.04,96.89,99.36,94.11,97.71,107.04,109.61,101.93,101.25,98.21,97.86,98.25,107.32,111.39,109.75,105.64,101.79,105.61,103.68,115.86,111.25,101.54,95.21,95.18,92.86,92.5,96,106.89,93.89,92.89,86.61,85.11,88.64,92.54,97.14,94.57,88.29,87.96,88.61,83.46,77.29,83.46,70.79,69.14,66.43,59.79,60.71,55.46,57.5,55.43,48.86,41.64,45.46,46.07,40.07,40.04,38.43,41.5,47.86,43.25,43.29,42.14,39.21,42.64,40.29,42.75,39.71,45,37.93,47.46,50.71,56.86,48.5,48.32,43.18,40.57,47
Uruguay,,country/region,driving,100,96.84,92.9,103.48,114.91,115.03,99.48,93.3,90.33,91.99,91.7,105.14,112.73,94.35,86.79,81.38,77.9,86.05,101.42,115.88,83.72,87.54,87.68,90.01,92.01,108.97,108.71,84.47,97.05,91.78,94.52,101.22,124.23,123.6,91.1,94.13,91.29,96.69,99.72,122.52,140,102.44,101.71,101.88,91.86,90.42,99.91,103.88,76.88,85.03,86.79,87.43,87.65,105.24,109.39,80.85,83.25,82.84,83.37,78.45,90.56,63.22,37.71,46.97,35,30.22,28.53,34.77,28.51,17.88,28.96,26.6,25.98,26.87,31.33,24.88,18.69,28.97,28.71,27.48,29.38,38.33,31.06,20.06,31.53,30.47,31.66,30.94,27.61,32.85,24.94,33.68,28.74,33.16,36.07,45.24
Uruguay,,country/region,walking,100,94.9,78.04,100.46,105.04,98.78,76.52,89.94,91.02,93.33,92.41,97.53,87.8,59.06,80.88,81.43,79.01,77.77,88.53,79.56,62.04,79.42,88.75,86.9,86.85,94.96,87.58,60.52,89.97,97.48,94.5,101.55,116.46,88.1,63.72,82.86,92.35,92.6,102.85,102.9,98.94,95.69,89.48,74.57,96.48,100.43,102.25,93.66,67.16,104.77,102.52,107.35,104.34,112.5,90.86,65.21,101.9,109.63,97.59,101.52,100.62,49.97,38.53,47.53,34.38,23.86,22.86,29.09,24.02,15.21,25.24,19.71,22.64,19.6,23.21,18.63,14.1,21.37,21.29,20.44,22.37,27.36,23.59,14.91,21.12,23.67,25.73,22.53,19.33,23.64,14.24,25.57,19.77,23.05,26.22,30.91
Vietnam,,country/region,driving,100,104.96,108.67,107.09,121.07,130.4,123.99,122.77,120.96,103.91,70.68,56.81,86.48,125.17,153.73,162.96,149.42,137.38,129.97,127.24,107.57,95.5,92.32,92.22,92.86,99.42,105.93,100.68,100.11,103.18,103.9,109.86,122.23,116.4,102.65,97.81,97.44,98.03,99.91,109.38,116.08,105.12,99.68,98.72,96.6,98.42,109.4,121.78,106.65,95.18,93.59,95.46,97.22,106.24,100.88,91.71,81.57,81.99,80.38,76.95,81.5,84.18,78.15,76.46,71.83,69.91,69.79,72.95,74.29,69.43,65.78,65.91,63.38,63.02,62.06,56.53,54.43,53.34,50.55,43.66,43.27,41.82,41.01,42.45,44.08,44.9,44.87,45.84,47.82,46.42,45.59,46.78,48.57,54.63,56.93,57.54
Vietnam,,country/region,walking,100,104.44,108.2,107.49,116.63,124.02,117.43,117.82,114.65,101.84,80.34,73.08,84.59,111.85,132.54,139.7,126.81,119.5,115.27,113.08,100.13,93.1,93.21,94.87,95.51,98.7,103.37,102.77,104.88,104.84,107.65,108.32,122.17,115.14,105.98,99.9,100.42,100.87,102.83,107.32,115.79,104.8,101.27,99.19,98.67,100,108.48,114.3,104.05,97.97,94.05,96.56,99,105,99.66,91.76,83.21,85.85,82.58,82.65,83.18,86.35,77.62,76.35,70.34,68.5,68.85,71.51,72.24,67.33,65.01,64.19,60.87,61.18,59.87,56.36,53.06,51.81,48.66,45.43,46.67,43.79,43.99,44.22,45.12,45.84,45.94,46.74,48.89,48.27,46.31,47.65,48.82,53.42,56.38,57.43